被害人,BN
死亡,EN
当庭,BP
自愿认罪,EP
赔偿,BP
经济损失,EP
取得,BP
谅解,EP
具有,BP
悔罪表现,EP
有期徒刑,BR
三年,ER
缓刑,BR
四年,ER
2,O
一,BP
死亡,EP
二,BP
受伤,EP
如实,BP
积极,SP
民事赔偿,SP
有期徒刑,BR
二年,ER
缓刑,BR
三年,ER
3,O
一,BN
死亡,EN
在,BP
等候,EP
无,BP
行为,EP
如实,BP
犯罪事实,EP
系自首,SP
主动,BP
赔偿,EP
全部,BP
经济损失,EP
取得,SP
谅解,SP
初犯,SP
有期徒刑,BR
十个月,ER
缓刑,BR
一年,ER
4,O
人,BN
死亡,EN
自愿认罪,SP
系,BP
初犯,EP
庭审,BP
认罪,EP
有期徒刑,BR
一,IR
年,IR
零,IR
二,IR
个,IR
月,ER
经济损失,BR
共计,IR
人民币,IR
182649.62,IR
元,ER
5,O
一,BN
死亡,EN
系自首,SP
有,BP
认罪,EP
悔罪表现,SP
对,BP
赔偿,EP
得到,BP
谅解,EP
适用,BP
缓刑,EP
有期徒刑,BR
一年,ER
缓刑,BR
一年,ER
完成,BR
公益劳动,ER
6,O
驾车,BN
超速,EN
一,BN
死亡,EN
及时,BP
报警,EP
留,BP
处理,EP
如实,BP
犯罪事实,EP
属,BP
自首,EP
积极,BP
损失,EP
悔罪表现,SP
取得,BP
谅解,EP
适用,BP
缓刑,EP
有期徒刑,BR
一年,ER
缓刑,BR
一年,ER
实行,BR
社区,IR
矫正,ER
7,O
1,BN
重伤,EN
肇事,BN
逃逸,EN
翻供,BN
矛盾,EN
有期徒刑,BR
一年,ER
8,O
致,BN
死亡,EN
主动,BP
报案,EP
积极,BP
被害人,EP
如实,BP
供述,EP
系自首,SP
赔偿,BP
被害人,EP
经济损失,SP
表示,BP
谅解,EP
悔罪表现,SP
适用,BP
缓刑,EP
判处拘役,BR
四个月,ER
缓刑,BR
六个月,ER
9,O
致,BN
死亡,EN
投案,BP
自首,EP
认罪,BP
好,EP
犯罪情节,BP
较轻,EP
达成,BP
协议,EP
取得,BP
谅解,EP
有,BP
悔罪表现,EP
没有,BP
危险,EP
宣告,BP
缓刑,EP
宣告,BP
缓刑,EP
有期徒刑,BR
三年,ER
缓刑,BR
四年,ER
10,O
致,BN
死亡,EN
多,BN
受伤,EN
一,BN
重伤,EN
叁级,BN
伤残,EN
弃,BN
逃逸,EN
主动,BP
投案,EP
如实,BP
罪行,EP
系自首,SP
认罪,BP
好,EP
积极,BP
经济损失,EP
取得,BP
谅解,EP
有,BP
悔罪表现,EP
适用,BP
缓刑,EP
有期徒刑,BR
三年,ER
缓刑,BR
三年,ER
中国,BR
太平洋,IR
财产,IR
保险,IR
股份,IR
有限公司,IR
秦皇岛,IR
中心,IR
支,IR
公司,ER
赔偿,BR
附带,IR
民事诉讼,ER
人民币,BR
3164.22,IR
元,ER
赔偿,BR
附带,IR
民事诉讼,ER
人民币,BR
7769.56,IR
元,ER
赔偿,BR
附带,IR
民事诉讼,ER
人民币,BR
66.22,IR
元,ER
中国,BR
人寿,IR
财产,IR
保险,IR
股份,IR
有限公司,IR
秦皇岛,IR
市中心,IR
支,IR
公司,ER
赔偿,BR
附带,IR
民事诉讼,ER
66,O
148,O
不,BR
承担,IR
本案,IR
赔偿,IR
责任,ER
11,O
未,BN
驾驶证,EN
驾驶,BN
车辆,EN
致,BN
死亡,EN
自愿认罪,SP
如实,BP
罪行,EP
有期徒刑,BR
五年,ER
12,O
致,BN
死亡,EN
在,BP
等待,EP
当庭,BP
自愿认罪,EP
积极,BP
经济损失,EP
取得,BP
谅解,EP
适用,BP
禁刑,EP
判处拘役,BR
五个月,ER
缓刑,BR
六个月,ER
13,O
未能,BN
车速,EN
造成,BP
死亡,EP
属,BP
自首,EP
积极,SP
经济,BP
补偿,EP
取得,BP
谅解,EP
悔罪表现,SP
宣告,BP
缓刑,EP
有期徒刑,BR
一年,IR
又,IR
六个月,ER
宣告,BR
缓刑,IR
二年,ER
14,O
致,BN
死亡,EN
如实,BP
罪行,EP
取得,BP
谅解,EP
宣告,BP
缓刑,EP
有期徒刑,BR
八个月,ER
缓刑,BR
一年,ER
15,O
酒后,BN
驾驶,EN
致,BN
重伤,EN
自动,BP
投案,EP
如实,BP
供述,EP
系自首,SP
民事,BP
协议,EP
取得,BP
谅解,EP
有,BP
悔罪表现,EP
有期徒刑,BR
一年,ER
缓刑,BR
一年,ER
16,O
致,BN
死亡,EN
情节,BN
恶劣,EN
以,BN
不足,EN
1,O
如实,BP
罪行,EP
有,BP
悔罪表现,EP
积极,BP
经济损失,EP
取得,BP
谅解,EP
有,BP
悔罪表现,EP
宣告,BP
缓刑,EP
有期徒刑,BR
三年,ER
缓刑,BR
五年,ER
17,O
违章,BN
驾驶,EN
致,BN
死亡,EN
积极,BP
被害人,EP
委托,BP
报案,EP
认定,BP
自首,EP
达成,BP
协议,EP
有期徒刑,BR
一年,IR
三个月,ER
缓刑,BR
二年,ER
18,O
超载,BN
驾驶,EN
致,BN
死亡,EN
积极,BP
现场,EP
报警,BP
等待,EP
如实,BP
供述,EP
系自首,SP
认罪,BP
好,EP
积极,BP
经济损失,EP
得到,BP
谅解,EP
适用,BP
缓刑,EP
有期徒刑,BR
一年,IR
三个月,ER
缓刑,BR
一年,IR
六个月,ER
19,O
致,BN
死亡,EN
主动,BP
投案,EP
如实,BP
供述,EP
是,BP
自首,EP
是,BP
自首,EP
适用,BP
缓刑,EP
20,O
致,BN
死亡,EN
逃逸,BN
行为,EN
如实,BP
供述,EP
系自首,SP
赔偿,BP
经济损失,EP
取得,BP
谅解,EP
系自首,SP
取得,BP
谅解,EP
悔罪表现,SP
适用,BP
缓刑,EP
有期徒刑,BR
三年,ER
缓刑,BR
四年,ER
21,O
致,BN
死亡,EN
逃逸,BN
行为,EN
如实,BP
犯罪事实,EP
系自首,SP
赔偿,BP
经济损失,EP
取得,BP
谅解,EP
适用,BP
缓刑,EP
有期徒刑,BR
三年,ER
缓刑,BR
四年,ER
22,O
致,BN
死亡,EN
主动,BP
投案,EP
如实,BP
供述,EP
是,BP
自首,EP
达成,BP
协议,EP
赔偿,BP
经济损失,EP
得到,BP
谅解,EP
自愿认罪,SP
适用,BP
缓刑,EP
有期徒刑,BR
三年,ER
缓刑,BR
四年,ER
23,O
造成,BN
死亡,EN
如实,BP
系,BP
坦白,EP
赔偿,BP
被害人,EP
取得,BP
谅解,EP
悔罪表现,SP
宣告,BP
缓刑,EP
有期徒刑,BR
一年,ER
缓刑,BR
二年,ER
24,O
致,BN
死亡,EN
系自首,SP
达成,BP
协议,EP
适用,BP
缓刑,EP
有期徒刑,BR
一年,IR
六个月,ER
缓刑,BR
二年,ER
25,O
致,BN
死亡,EN
自愿认罪,SP
达成,BP
协议,EP
赔偿,BP
被害人,EP
悔罪表现,SP
适用,BP
缓刑,EP
有期徒刑,BR
三年,ER
缓刑,BR
三年,ER
26,O
酒后,BN
驾车,EN
致,BN
重伤,EN
主动,BP
投案,EP
系自首,SP
自愿认罪,SP
有期徒刑,BR
三年,ER
27,O
驾驶,BN
超载,EN
致,BN
死亡,EN
系自首,SP
达成,BP
协议,EP
征得,BP
谅解,EP
有期徒刑,BR
六个月,ER
缓刑,BR
一年,ER
28,O
致,BN
死亡,EN
主动,BP
投案,EP
属,BP
自首,EP
达成,BP
协议,EP
获得,BP
谅解,EP
有期徒刑,BR
十个月,ER
缓刑,BR
一年,ER
29,O
超速,BN
行驶,EN
致,BN
死亡,EN
自动,BP
投案,EP
系自首,SP
认罪,BP
好,EP
有期徒刑,BR
九个月,ER
缓刑,BR
一年,ER
30,O
致,BN
死亡,EN
具有,BP
情节,EP
有期徒刑,BR
一年,ER
缓刑,BR
一年,ER
31,O
驾驶,BN
机动车,EN
致,BN
死亡,EN
有,BP
情节,EP
赔偿,BP
被害人,EP
获得,BP
谅解,EP
适用,BP
缓刑,EP
适用,BP
缓刑,EP
有期徒刑,BR
九个月,ER
缓刑,BR
一年,ER
32,O
醉酒,BN
驾驶,EN
致,BN
重伤,EN
有期徒刑,IR
十个月,ER
缓刑,BR
一年,ER
33,O
致,BN
死亡,EN
逃逸,BN
行为,EN
属,BP
自首,EP
积极,BP
赔偿,EP
取得,BP
谅解,EP
有期徒刑,BR
三年,ER
缓刑,BR
三年,ER
34,O
违章,BN
驾车,EN
致,BN
死亡,EN
一人,BN
轻伤,EN
自首,SP
赔偿,BP
被害人,EP
取得,BP
谅解,EP
宣告,BP
缓刑,EP
自首,SP
认罪,BP
好,EP
赔偿,BP
被害人,EP
取得,BP
谅解,EP
有期徒刑,BR
一年,IR
四个月,ER
缓刑,BR
一年,IR
六个月,ER
35,O
操作,BN
不当,EN
致,BN
死亡,EN
一人,BN
受伤,EN
现场,BP
等待,EP
如实,BP
供述,EP
为,BP
自首,EP
21,O
达成,BP
协议,EP
取得,BP
谅解,EP
宣告,BP
缓刑,EP
有期徒刑,BR
十个月,ER
缓刑,BR
一年,ER
36,O
225,O
110,O
225,O
93,O
225,O
110,O
120,O
247,O
225,O
120,O
1,O
20,O
29,O
5,O
致,BN
死亡,EN
具有,BP
情节,EP
认罪,BP
好,EP
无,BP
能力,EP
有期徒刑,BR
八个月,ER
37,O
无,BN
证,EN
致,BN
重伤,EN
曾,BN
犯罪,EP
未,BN
完毕,EN
38,O
致,BN
死亡,EN
现场,BP
等候,EP
如实,BP
供述,EP
系自首,SP
积极,BP
赔偿,EP
取得,BP
谅解,EP
有期徒刑,BR
一年,ER
缓刑,BR
二年,ER
有期徒刑,BR
十个月,ER
缓刑,BR
一年,ER
39,O
致,BN
死亡,EN
自愿认罪,SP
积极,BP
补偿,EP
得到,BP
谅解,EP
有期徒刑,BR
一年,ER
缓刑,BR
一年,ER
40,O
致,BN
死亡,EN
现场,BP
等候,EP
如实,BP
供述,EP
系自首,SP
积极,BP
赔偿,EP
取得,BP
谅解,EP
具有,BP
悔罪表现,EP
适用,BP
缓刑,EP
有期徒刑,BR
七个月,ER
缓刑,BR
一年,ER
41,O
造成,BN
死亡,EN
一人,BN
受伤,EN
110,O
现场,BP
如实,BP
供述,EP
系自首,SP
自愿认罪,SP
有,BP
悔罪表现,EP
积极,BP
被害人,EP
取得,SP
书面,BP
谅解,EP
有期徒刑,BR
一年,ER
缓刑,BR
二年,ER
42,O
致,BN
死亡,EN
现场,BP
等待,EP
系自首,SP
赔偿,BP
被害人,EP
取得,SP
谅解,SP
判处拘役,BR
六个月,ER
缓刑,BR
十个月,ER
43,O
违章,BN
驾驶,EN
致,BN
死亡,EN
现场,BP
等候,EP
如实,BP
供述,EP
系自首,SP
积极,BP
赔偿,EP
取得,BP
谅解故,EP
有期徒刑,BR
一年,ER
缓刑,BR
二年,ER
44,O
致,BN
死亡,EN
主动,BP
投案,EP
如实,BP
供述,EP
系自首,SP
达成,BP
协议,EP
谅解,SP
有,BP
悔罪表现,EP
宣告,BP
缓刑,EP
有期徒刑,BR
九个月,ER
缓刑,BR
一年,ER
45,O
致,BN
重伤,EN
主动,BP
投案,EP
如实,BP
供述,EP
系自首,SP
达成,BP
协议,EP
取得,BP
谅解,EP
判处拘役,BR
三个月,IR
十八日,ER
46,O
造成,BN
死亡,EN
具有,BP
情节,EP
积极,BP
赔偿,EP
取得,SP
谅解,SP
自愿认罪,SP
具有,BP
悔罪表现,EP
有期徒刑,BR
一年,ER
缓刑,BR
二年,ER
47,O
致,BN
死亡,EN
自动,BP
投案,EP
如实,BP
供述,EP
系自首,SP
达成,BP
和解,EP
积极,BP
赔偿,EP
取得,SP
谅解,SP
宣告,BP
缓刑,EP
有期徒刑,BR
一年,IR
三个月,ER
缓刑,BR
一年,IR
六个月,ER
48,O
违章,BN
驾驶,EN
致,BN
死亡,EN
现场,BP
等候,EP
如实,BP
供述,EP
系自首,SP
积极,BP
赔偿,EP
取得,BP
谅解故,EP
有期徒刑,BR
九个月,ER
缓刑,BR
一年,ER
49,O
致,BN
死亡,EN
无,BN
驾驶,EN
有,BP
情节,EP
赔偿,BP
被害人,EP
有期徒刑,BR
七个月,ER
50,O
造成,BN
死亡,EN
主动,BP
投案,EP
如实,BP
供述,EP
是,BP
自首,EP
达成,BP
和解,EP
赔付,BP
经济损失,EP
取得,SP
谅解,EP
犯罪情节,BP
较轻,EP
可以,BP
刑事,EP
免予,BR
刑事,IR
处罚,ER
51,O
致,BN
死亡,EN
能,BP
自首,EP
积极,BP
被害人,EP
取得,BP
谅解,EP
有,BP
悔罪表现,EP
适用,BP
缓刑,EP
有期徒刑,BR
一年,IR
二,IR
个,IR
月,ER
缓刑,BR
一年,IR
六个月,ER
52,O
致,BN
死亡,EN
主动,BP
投案,EP
如实,BP
供述,EP
系自首,SP
认罪,BP
较好,EP
有,BP
悔罪表现,EP
积极,BP
被害人,EP
取得,BP
谅解,EP
有期徒刑,BR
一年,IR
八个月,ER
缓刑,BR
二年,ER
54,O
致,BN
死亡,EN
现场,BP
等待,EP
如实,BP
供述,EP
自愿认罪,SP
是,BP
自首,EP
赔偿,BP
被害人,EP
取得,BP
谅解,EP
有,BP
悔罪表现,EP
宣告,BP
缓刑,EP
有期徒刑,BR
一年,ER
缓刑,BR
二年,ER
55,O
致,BN
死亡,EN
现场,BP
等待,EP
如实,BP
供述,EP
是,BP
自首,EP
部分,BP
赔偿,EP
取得,SP
谅解,EP
犯罪情节,BP
较轻,EP
认罪,BP
较好,EP
有期徒刑,BR
一年,IR
又,IR
二,IR
个,IR
月,ER
缓刑,BR
二年,ER
56,O
致,BN
死亡,EN
有,BP
情节,EP
得到,BP
赔偿,EP
有期徒刑,BR
一年,ER
缓刑,BR
一年,ER
完成,BR
公益劳动,ER
57,O
致,BN
死亡,EN
具有,BP
情节,EP
有期徒刑,BR
一年,IR
六个月,ER
缓刑,BR
一年,IR
六个月,ER
完成,BR
公益劳动,ER
58,O
致,BN
死亡,EN
肇事,BN
逃逸,EN
有期徒刑,BR
三年,ER
缓刑,BR
三年,ER
接受,BR
社区,IR
矫正,ER
59,O
无,BN
资格,EN
造成,BN
重伤,EN
曾,BN
罪,EN
刑罚,BN
罚,EN
如实,BP
供述,EP
系,BP
坦白,EP
取得,BP
谅解,EP
有期徒刑,BR
一,IR
年,ER
寻衅滋事,BR
罪,ER
有期徒刑,BR
十,IR
一个,IR
月,ER
决定,BR
执行,IR
有期徒刑,IR
一年,IR
六个月,ER
60,O
造成,BN
死亡,EN
如实,BP
供述,EP
赔偿,BP
被害人,EP
取得,BP
谅解,EP
有期徒刑,BR
三年,ER
缓刑,BR
四年,ER
61,O
无,BN
资格,EN
致,BN
死亡,EN
有,BP
情节,EP
有期徒刑,BR
一年,IR
二,IR
个,IR
月,ER
62,O
致,BN
死亡,EN
如实,BP
供述,EP
是,BP
自首,EP
积极,BP
被害人,EP
取得,SP
谅解,SP
积极,BP
赔偿,EP
取得,SP
谅解,SP
犯罪情节,BP
较轻,EP
有,BP
悔罪表现,EP
适用,BP
缓刑,EP
有期徒刑,BR
三年,ER
缓刑,BR
四年,ER
63,O
致,BN
死亡,EN
肇事,BN
逃逸,EN
全部,BN
责任,EN
自动,BP
报案,EP
如实,BP
供述,EP
系自首,SP
取得,SP
谅解,SP
悔罪表现,SP
有期徒刑,BR
三年,ER
缓刑,BR
四年,ER
接受,BR
社区,IR
矫正,ER
64,O
致,BN
死亡,EN
投案,BP
自首,EP
赔偿,BP
被害人,EP
有,BP
情节,EP
积极,BP
赔偿,EP
取得,BP
谅解,EP
有期徒刑,BR
二年,ER
缓刑,BR
三年,ER
65,O
致,BN
死亡,EN
属,BP
坦白,EP
积极,BP
赔偿,EP
获得,BP
谅解,EP
适用,BP
缓刑,EP
有期徒刑,BR
三年,ER
缓刑,BR
四年,ER
66,O
致,BN
死亡,EN
如实,BP
供述,EP
取得,SP
谅解,SP
有期徒刑,BR
一年,IR
二,IR
个,IR
月,ER
缓刑,BR
一年,IR
六个月,ER
67,O
未,BN
资格,EN
造成,BN
死亡,EN
有,BP
情节,EP
得到,SP
谅解,SP
双方,BP
解故,EP
适用,BP
缓刑,EP
有期徒刑,BR
一年,ER
缓刑,BR
二年,ER
完成,BR
公益劳动,ER
68,O
致,BN
死亡,EN
情节,BN
恶劣,EN
主动,BP
投案,EP
如实,BP
供述,EP
系自首,SP
一定,BP
赔偿,EP
有,BP
情节,EP
有期徒刑,BR
四年,ER
292,O
489,O
27,O
500,O
83,O
7,O
69,O
酒后,BN
无,BN
机动车,EN
造成,BN
重伤,EN
有,BP
情节,EP
有期徒刑,BR
三年,IR
七个月,ER
70,O
致,BN
死亡,EN
如实,BP
供述,EP
系自首,SP
达成,BP
协议,EP
取得,SP
谅解,SP
有期徒刑,BR
一年,IR
六个月,ER
缓刑,BR
二年,IR
六个月,ER
71,O
造成,BN
死亡,EN
弃,BN
现场,EN
肇事,BN
逃逸,EN
有期徒刑,BR
三年,ER
缓刑,BR
五年,ER
72,O
致,BN
死亡,EN
当庭,BP
认罪,EP
赔偿,BP
被害人,EP
取得,SP
谅解,SP
有,BP
适用,BP
缓刑,EP
有期徒刑,BR
十个月,ER
缓刑,BR
一年,ER
73,O
致,BN
死亡,EN
主动,BP
报警,EP
现场,BP
等候,EP
视为,BP
自首,EP
赔偿,BP
被害方,EP
有期徒刑,BR
十个月,ER
缓刑,BR
一年,ER
74,O
超速,BN
行驶,EN
造成,BN
死亡,EN
有,BP
赔偿,BP
经济损失,EP
有期徒刑,BR
六个月,ER
75,O
致,BN
死亡,EN
主动,BP
投案,EP
如实,BP
交代,EP
系自首,SP
赔偿,SP
取得,SP
谅解,SP
有期徒刑,BR
一年,ER
缓刑,BR
一年,ER
76,O
造成,BN
死亡,EN
驾驶,BN
机动车,EN
主动,BP
投案,EP
如实,BP
供述,EP
系自首,SP
积极,BP
赔偿,EP
取得,SP
谅解,SP
适用,BP
缓刑,EP
悔罪表现,SP
有期徒刑,BR
三年,ER
缓刑,BR
四年,ER
77,O
致,BN
重伤,EN
主动,BP
投案,EP
如实,BP
供述,EP
属,BP
自首,EP
赔偿,BP
被害人,EP
有期徒刑,BR
十,IR
一个,IR
月,ER
78,O
无,BN
一,BN
死亡,EN
达成,BP
和解,EP
赔偿,BP
经济损失,EP
取得,BP
谅解,EP
自愿认罪,SP
有期徒刑,BR
一年,IR
三个月,ER
缓刑,BR
一年,IR
六个月,ER
79,O
一,BN
重伤,EN
如实,BP
供述,EP
具有,BP
情节,EP
赔偿,BP
经济损失,EP
取得,BP
谅解,EP
有期徒刑,BR
二年,ER
缓刑,BR
三年,ER
80,O
判处拘役,BR
五个月,ER
缓刑,BR
六个月,ER
81,O
一人,BN
死亡,EN
二,BN
受伤,EN
赔偿,BP
被害人,EP
得到,SP
谅解,EP
认罪,BP
好,EP
有期徒刑,BR
一年,ER
缓刑,BR
一年,ER
82,O
一人,BN
死亡,EN
主动,BP
报警,EP
现场,BP
等候,EP
如实,BP
供述,EP
系自首,SP
取得,SP
谅解,SP
有期徒刑,BR
一年,ER
缓刑,BR
二年,ER
83,O
一,BN
死亡,EN
自愿认罪,SP
谅解,SP
有期徒刑,BR
一年,ER
缓刑,BR
一年,ER
84,O
无,BN
资格证,EN
驾驶,BN
机动车,EN
一,BN
重伤,EN
如实,BP
供述,EP
积极,BP
取得,SP
谅解,SP
有,BP
悔罪表现,EP
有期徒刑,BR
一年,ER
缓刑,BR
一年,ER
85,O
一,BN
死亡,EN
自动,BP
投案,EP
如实,BP
供述,EP
系自首,SP
积极,BP
赔偿,EP
取得,SP
谅解,SP
有期徒刑,BR
一年,IR
二,IR
个,IR
月,ER
缓刑,BR
一年,IR
六个月,ER
86,O
一,BN
死亡,EN
犯罪情节,BP
较轻,EP
积极,BP
被害人,EP
如实,BP
供述,EP
构成,BP
自首,EP
有,BP
情节,EP
赔偿,BP
被害人,EP
取得,BP
谅解,EP
有,BP
立功,EP
12,O
26,O
409,O
刑事,BR
判决,ER
免予,BR
刑事,IR
处罚,ER
87,O
一,BN
死亡,EN
有期徒刑,BR
二年,ER
88,O
酒后,BN
驾驶,EN
一,BN
死亡,EN
一人,BN
重伤,EN
自愿认罪,SP
如实,BP
供述,EP
有期徒刑,BR
二年,IR
六个月,ER
225,O
89,O
一,BN
死亡,EN
及时,BP
报警,EP
如实,BP
供述,EP
是,BP
自首,EP
积极,BP
赔偿,EP
达成,BP
和解,EP
取得,BP
谅解,EP
有期徒刑,BR
一年,ER
缓刑,BR
二年,ER
90,O
超速,BN
行驶,EN
一人,BN
死亡,EN
主动,BP
投案,EP
如实,BP
供述,EP
是,BP
自首,EP
积极,BP
赔偿,EP
取得,SP
谅解,SP
有期徒刑,BR
六个月,ER
缓刑,BR
一年,ER
91,O
一,BN
死亡,EN
自动,BP
投案,EP
如实,BP
供述,EP
是,BP
自首,EP
赔偿,BP
被害人,EP
有期徒刑,BR
十个月,ER
一人,BN
死亡,EN
当庭,BP
认罪,EP
有期徒刑,BR
十,IR
一个,IR
月,ER
93,O
一,BN
死亡,EN
从重,BN
处罚,EN
如实,BP
供述,EP
当庭,BP
认罪,EP
赔偿,BP
被害人,EP
有期徒刑,BR
一年,IR
八个月,ER
94,O
无,BN
证,EN
一,BN
死亡,EN
主动,BP
投案,EP
如实,BP
供述,EP
系自首,SP
达成,BP
协议,EP
征得,BP
谅解,EP
系,BP
初犯,EP
系,BP
犯罪,EP
有期徒刑,BR
一年,ER
缓刑,BR
二年,ER
95,O
二,BN
死亡,EN
情节,BN
恶劣,EN
投案,BP
如实,EP
是,BP
自首,EP
积极,BP
赔偿,EP
得到,BP
谅解,EP
有期徒刑,BR
二年,ER
缓刑,BR
二年,ER
96,O
一人,BN
死亡,EN
认罪,BP
较好,EP
有,BP
悔罪表现,EP
取得,SP
谅解,EP
有期徒刑,BR
一年,ER
缓刑,BR
二年,ER
97,O
一,BN
死亡,EN
自动,BP
投案,EP
如实,BP
供述,EP
系自首,SP
赔偿,BP
被害人,EP
取得,SP
谅解,SP
有期徒刑,BR
十个月,ER
缓刑,BR
一年,ER
完成,BR
公益劳动,ER
98,O
一,BN
死亡,EN
主动,BP
报警,EP
现场,BP
等候,EP
有,BP
情节,EP
自愿认罪,SP
取得,BP
谅解,EP
有期徒刑,BR
一年,ER
缓刑,BR
二年,ER
99,O
一,BN
死亡,EN
主动,BP
报案,EP
积极,BP
主动,EP
抢救,SP
如实,BP
供述,EP
为,BP
自首,EP
达成,BP
协议,EP
取得,BP
谅解,EP
有期徒刑,BR
一年,ER
缓刑,BR
一年,ER
100,O
两,BN
死亡,EN
主动,SP
投案,SP
如实,BP
供实,EP
系自首,SP
积极,BP
赔偿,EP
取得,SP
谅解,SP
有,BP
悔罪表现,EP
取得,SP
谅解,SP
有期徒刑,BR
三年,ER
缓刑,BR
五年,ER
101,O
一,BN
死亡,EN
电话,BP
报警,EP
现场,BP
等候,EP
如实,BP
供述,EP
系自首,SP
赔偿,BP
经济损失,EP
取得,BP
谅解,EP
有期徒刑,BR
八个月,ER
缓刑,BR
一年,ER
102,O
一,BN
死亡,EN
三,BN
受伤,EN
达成,BP
协议,EP
取得,BP
谅解,EP
当庭,BP
自愿认罪,EP
从轻处罚,SP
适用,BP
缓刑,EP
有期徒刑,BR
一年,IR
六个月,ER
缓刑,BR
二年,ER
103,O
一,BN
重伤,EN
如实,BP
供述,EP
赔偿,BP
损失,EP
取得,BP
谅解,EP
从轻处罚,SP
认罪,BP
好,EP
赔偿,BP
损失,EP
取得,BP
谅解,EP
有期徒刑,BR
八个月,ER
缓刑,BR
一年,ER
104,O
一,BP
死亡,EP
一人,BP
重伤,EP
有,BP
情节,EP
赔偿,BP
被害人,EP
不宜,BN
缓刑,EN
有期徒刑,BR
一年,IR
二,IR
个,IR
月,ER
105,O
一,BN
死亡,EN
自动,BP
投案,EP
如实,BP
供述,EP
系自首,SP
积极,BP
被害人,EP
取得,BP
谅解,EP
有,BP
悔罪表现,EP
有期徒刑,BR
一年,IR
三个月,ER
缓刑,BR
一年,IR
六个月,ER
106,O
一,BN
死亡,EN
使,BN
受伤,EN
如实,BP
供述,EP
是,BP
自首,EP
从轻处罚,SP
赔偿,BP
被害人,EP
从轻处罚,SP
有期徒刑,BR
一年,IR
二,IR
个,IR
月,ER
缓刑,BR
一年,IR
六个月,ER
107,O
无,BN
驾驶,EN
无,BN
机动车,EN
一人,BN
重伤,EN
现场,BP
等候,EP
如实,BP
供述,EP
系自首,SP
从轻处罚,SP
取得,BP
谅解,EP
适用,BP
缓刑,EP
从轻处罚,SP
适用,BP
缓刑,EP
有期徒刑,BR
七个月,ER
缓刑,BR
一年,ER
108,O
一,BN
死亡,EN
认罪,BP
好,EP
积极,BP
受害人,EP
取得,BP
谅解,EP
从轻处罚,SP
适用,BP
缓刑,EP
有期徒刑,BR
一,IR
年,IR
零,IR
六个月,ER
缓刑,BR
二年,ER
109,O
一,BN
死亡,EN
现场,BP
等候,EP
自动,BP
投案,EP
如实,BP
供述,EP
为,BP
自首,EP
赔偿,BP
被害方,EP
取得,BP
谅解,EP
有期徒刑,BR
八个月,ER
缓刑,BR
一年,ER
110,O
一,BN
死亡,EN
曾,BN
处罚,EN
从重,BN
处罚,EN
现场,BP
伤者,EP
自动,BP
投案,EP
如实,BP
供述,EP
系自首,SP
从轻处罚,SP
赔偿,BP
被害人,EP
获得,SP
谅解,SP
从轻处罚,SP
从轻处罚,SP
有期徒刑,BR
一年,ER
缓刑,BR
一年,ER
111,O
致,BN
重伤,EN
如实,BP
供述,EP
属,BP
自首,EP
有,BP
情节,EP
积极,BP
被害方,EP
取得,BP
谅解,EP
从轻处罚,SP
有期徒刑,BR
十个月,ER
缓刑,BR
一年,IR
六个月,ER
1,O
112,O
一,BN
死亡,EN
如实,BP
供述,EP
当庭,BP
自愿认罪,EP
积极,BP
被害人,EP
取得,BP
谅解,EP
有,BP
悔罪表现,EP
从轻处罚,SP
从轻处罚,SP
有期徒刑,BR
一年,ER
缓刑,BR
二年,ER
113,O
三,BN
死亡,EN
一人,BP
受伤,EP
犯罪情节,BN
恶劣,EN
如实,BP
交代,EP
属,BP
自首,EP
从轻处罚,SP
赔偿,BP
经济损失,EP
从轻处罚,SP
有,BP
情节,EP
赔偿,BP
被害方,EP
有,BP
情节,EP
规定,SP
有期徒刑,BP
三年,EP
114,O
一,BN
死亡,EN
电话,BP
报警,EP
积极,BP
施救,EP
现场,BP
等候,EP
如实,BP
供述,EP
系自首,SP
赔偿,BP
被害人,EP
从轻处罚,SP
有期徒刑,BR
八个月,ER
缓刑,BR
一年,ER
115,O
1,BN
重伤,EN
现场,BP
等候,EP
如实,BP
供述,EP
有,BP
情节,EP
积极,BP
被害人,EP
获得,BP
谅解,EP
从轻处罚,SP
判决如下,SP
判处拘役,BP
五个月,EP
116,O
一,BN
死亡,EN
及时,BP
报警,EP
如实,BP
供述,EP
是,BP
自首,EP
从轻处罚,SP
达成,BP
协议,EP
取得,SP
谅解,SP
从轻处罚,SP
有期徒刑,BR
一年,ER
缓刑,BR
一年,ER
117,O
一,BN
死亡,EN
如实,BP
供述,EP
是,BP
自首,EP
从轻处罚,SP
积极,BP
被害人,EP
从轻处罚,SP
有期徒刑,BR
十个月,ER
缓刑,BR
一年,ER
118,O
一人,BN
死亡,EN
如实,BP
供述,EP
从轻处罚,SP
赔偿,BP
被害人,EP
取得,SP
谅解,SP
有期徒刑,BR
一年,ER
缓刑,BR
一年,IR
六个月,ER
119,O
一,BN
死亡,EN
及时,BP
报警,EP
现场,BP
等候,EP
系自首,SP
从轻处罚,SP
积极,BP
被害人,EP
取得,SP
谅解,SP
从轻处罚,SP
22,O
146,O
有期徒刑,BR
一年,ER
缓刑,BR
一年,ER
1,O
20,O
一,BN
死亡,EN
主动,BP
报警,EP
如实,BP
供述,EP
是,BP
自首,EP
从轻处罚,SP
自愿认罪,SP
积极,BP
被害人,EP
认罪,BP
较,EP
主动,BP
报警,EP
积极,BP
被害人,EP
从轻处罚,SP
有期徒刑,BR
一年,ER
缓刑,BR
二年,ER
121,O
一,BN
死亡,EN
自动,BP
投案,EP
如实,BP
供述,EP
是,BP
自首,EP
赔偿,BP
被害人,EP
取得,SP
谅解,SP
从轻处罚,SP
自愿认罪,SP
从轻处罚,SP
主动,BP
投案,EP
认罪,BP
较好,EP
有,BP
表现,EP
有期徒刑,BR
一年,IR
三个月,ER
缓刑,BR
一年,IR
六个月,ER
122,O
一人,BN
死亡,EN
肇事,BN
逃逸,EN
自动,BP
投案,EP
如实,BP
供述,EP
系自首,SP
达成,BP
协议,EP
从轻处罚,SP
有期徒刑,BR
三年,ER
缓刑,BR
五年,ER
12,O
3,O
一,BN
死亡,EN
现场,BP
等候,EP
如实,BP
供述,EP
视为,BP
自首,EP
从轻处罚,SP
赔偿,BP
被害人,EP
得到,SP
谅解,SP
从轻处罚,SP
有期徒刑,BR
一年,IR
三个月,ER
缓刑,BR
一年,IR
六个月,ER
1,O
24,O
一,BN
死亡,EN
自动,BP
投案,EP
如实,BP
供述,EP
属于,BP
自首,EP
积极,BP
施救,EP
赔偿,BP
被害方,EP
得到,BP
谅解,EP
从轻处罚,SP
有期徒刑,BR
一年,ER
缓刑,BR
一年,IR
六个月,ER
125,O
一,BN
死亡,EN
肇事,BN
逃逸,EN
主动,BP
投案,EP
如实,BP
供述,EP
系自首,SP
自愿认罪,SP
达成调解,SP
取得,SP
谅解,SP
有期徒刑,BR
三年,ER
缓刑,BR
三年,ER
126,O
一,BN
死亡,EN
积极,BP
赔偿,EP
得到,SP
谅解,SP
从轻处罚,SP
有期徒刑,BR
一年,ER
缓刑,BR
两,IR
年,ER
127,O
一,BN
死亡,EN
如实,BP
供述,EP
系自首,SP
赔偿,BP
被害人,EP
取得,SP
谅解,SP
自愿认罪,SP
有,BP
情节,EP
有,BP
悔罪表现,EP
免予,BR
刑事,IR
处罚,ER
128,O
一,BN
死亡,EN
肇事,BN
逃逸,EN
返回,BP
现场,EP
如实,BP
供述,EP
系自首,SP
达成,BP
协议,EP
取得,SP
谅解,SP
系自首,SP
达成,BP
协议,EP
取得,SP
谅解,SP
有期徒刑,BR
一年,IR
二,IR
个,IR
月,ER
129,O
一,BN
重伤,EN
逃避,BN
追究,EN
逃离,BN
现场,EN
具有,BN
前科,EN
自动,BP
投案,EP
如实,BP
供述,EP
当庭,BP
自愿认罪,EP
是,BP
自首,EP
从轻处罚,SP
积极,BP
被害人,EP
取得,BP
谅解,EP
有,BP
悔罪表现,EP
具有,BP
犯罪情节,EP
轻微,BP
赔偿,EP
取得,BP
谅解,EP
有期徒刑,BR
八个月,ER
缓刑,BR
一年,ER
130,O
一,BN
死亡,EN
如实,BP
供述,EP
从轻处罚,SP
有期徒刑,BR
一年,IR
六个月,ER
131,O
一,BN
死亡,EN
肇事,BN
逃逸,EN
属,BP
自首,EP
认罪,BP
好,EP
积极,BP
受害方,EP
取得,BP
谅解,EP
从轻处罚,SP
有期徒刑,BR
三年,ER
缓刑,BR
三年,ER
132,O
一,BN
死亡,EN
自动,BP
投案,EP
如实,BP
供述,EP
系自首,SP
从轻处罚,SP
达成,BP
协议,EP
取得,BP
谅解,EP
有期徒刑,BR
一年,ER
缓刑,BR
一年,ER
133,O
一人,BN
死亡,EN
120,O
积极,BP
受害人,EP
如实,BP
供述,EP
属,BP
自首,EP
积极,BP
受害人,EP
取得,SP
谅解,SP
有,BP
悔罪表现,EP
有期徒刑,BR
九个月,ER
缓刑,BR
一年,ER
134,O
一,BN
死亡,EN
拨打,BP
电话,EP
现场,BP
等候,EP
为,BP
自首,EP
从轻处罚,SP
有期徒刑,BR
一年,ER
缓刑,BR
一年,ER
135,O
无,BN
驾驶,EN
牌,BN
车辆,EN
一,BN
死亡,EN
认罪,BP
好,EP
从轻处罚,SP
达成调解,BP
协议,EP
赔偿,BP
被害人,EP
取得,SP
谅解,SP
从轻处罚,SP
有期徒刑,BR
一年,ER
缓刑,BR
二年,ER
136,O
无,BN
驾驶,EN
一,BN
死亡,EN
如实,BP
供述,EP
是,BP
自首,EP
从轻处罚,SP
有期徒刑,BR
一年,IR
十个月,ER
137,O
一,BN
死亡,EN
自动,BP
投案,EP
如实,BP
供述,EP
系自首,SP
从轻处罚,SP
达成,BP
协议,EP
取得,SP
谅解,SP
从轻处罚,SP
有期徒刑,BR
一年,ER
缓刑,BR
二年,ER
138,O
一,BN
死亡,EN
二,BN
受伤,EN
认罪,BP
较好,EP
从轻处罚,SP
有期徒刑,BR
一年,IR
十个月,ER
139,O
一,BN
死亡,EN
打电话,BP
报警,EP
如实,BP
供述,EP
自愿认罪,SP
可,BP
自首,EP
从轻处罚,SP
积极,BP
被害方,EP
取得,BP
谅解,EP
从轻处罚,SP
有,BP
悔罪表现,EP
有期徒刑,BR
一年,ER
缓刑,BR
一年,ER
140,O
一,BN
死亡,EN
肇事,BN
逃逸,EN
如实,BP
供述,EP
积极,BP
义务,EP
取得,SP
谅解,SP
有期徒刑,BR
三年,ER
141,O
一,BN
死亡,EN
及时,BP
报案,EP
现场,BP
等候,EP
如实,BP
供述,EP
是,BP
自首,EP
从轻处罚,SP
赔偿,BP
被害人,EP
从轻处罚,SP
有期徒刑,BR
十,IR
一个,IR
月,ER
142,O
一,BN
死亡,EN
认罪,BP
好,EP
有,BP
情节,EP
从轻处罚,SP
有期徒刑,BR
八个月,ER
143,O
一,BN
死亡,EN
主动,BP
报警,EP
现场,BP
等候,EP
如实,BP
供述,EP
系自首,SP
从轻处罚,SP
自愿认罪,SP
有,BP
悔罪表现,EP
从轻处罚,SP
有期徒刑,BR
一年,IR
八个月,ER
缓刑,BR
二年,ER
144,O
限速,BN
行驶,EN
一,BN
死亡,EN
主动,BP
报案,EP
如实,BP
供述,EP
是,BP
自首,EP
赔偿,BP
被害人,EP
取得,BP
谅解,EP
有期徒刑,BR
一年,ER
缓刑,BR
一年,ER
145,O
无,BN
驾驶,EN
一,BN
死亡,EN
肇事,BN
逃逸,EN
有,BN
前科,EN
无,BN
驾驶,EN
从重,BN
处罚,EN
有期徒刑,BR
三年,IR
六个月,ER
146,O
一,BN
死亡,EN
留,BP
现场,EP
如实,BP
供述,EP
可,BP
自首,EP
积极,BP
被害人,EP
得到,BP
谅解,EP
被害人,BP
处罚,EP
判决如下,SP
有期徒刑,BR
一年,ER
缓刑,BR
二年,ER
147,O
一,BN
死亡,EN
肇事,BN
逃逸,EN
如实,BP
供述,EP
自愿认罪,SP
从轻处罚,SP
有期徒刑,BR
四年,IR
六个月,ER
148,O
未,BN
资格,EN
自动,BP
投案,EP
构成,BP
自首,EP
达成,BP
协议,EP
取得,BP
谅解,EP
有期徒刑,BR
九个月,ER
缓刑,BR
一年,ER
149,O
一,BN
死亡,EN
现场,BP
等待,EP
积极,BP
配合,EP
自愿认罪,SP
有期徒刑,BR
一,IR
年,IR
零,IR
六个月,ER
缓刑,BR
二年,ER
150,O
一,BN
死亡,EN
自动,BP
投案,EP
如实,BP
供述,EP
系自首,SP
从轻处罚,SP
达成,BP
协议,EP
取得,SP
谅解,SP
从轻处罚,SP
有期徒刑,BR
十个月,ER
缓刑,BR
一年,IR
三个月,ER
151,O
一,BN
死亡,EN
主动,BP
投案,EP
从轻处罚,SP
从轻处罚,SP
达成,BP
协议,EP
受害人,BP
谅解,EP
从轻处罚,SP
主动,BP
投案,EP
有,BP
悔罪表现,EP
有期徒刑,BR
一年,ER
缓刑,BR
考验,IR
期限,IR
为,IR
二年,ER
152,O
逆向,BN
行驶,EN
一人,BN
死亡,EN
一,BN
死亡,EN
1,O
履行,BP
义务,EP
投案,BP
自首,EP
有期徒刑,BR
七个月,ER
缓刑,BR
一年,ER
153,O
二,BN
死亡,EN
积极,BP
伤者,EP
现场,BP
等候,EP
自动,BP
投案,EP
如实,BP
供述,EP
系自首,SP
从轻处罚,SP
积极,BP
被害人,EP
取得,BP
谅解,EP
无前科,BP
劣迹,EP
有,BP
悔罪表现,EP
有期徒刑,BR
三年,ER
缓刑,BR
四年,ER
154,O
一,BN
死亡,EN
主动,BP
投案,EP
如实,BP
供述,EP
系自首,SP
达成,BP
协议,EP
积极,BP
赔偿,EP
得到,BP
谅解,EP
具有,BP
悔罪表现,EP
判决如下,SP
有期徒刑,BR
一年,ER
缓刑,BR
一年,IR
六个月,ER
155,O
血液,BN
100ml5,EN
78,O
有期徒刑,BR
三年,ER
缓刑,BR
四年,ER
156,O
一,BN
死亡,EN
二,BN
受伤,EN
如实,BP
供述,EP
达成,BP
协议,EP
取得,BP
谅解,EP
从轻处罚,SP
有期徒刑,BR
一年,ER
缓刑,BR
二年,ER
157,O
一,BN
死亡,EN
坦白,BP
认罪,EP
从轻处罚,SP
有,BP
赔偿,EP
取得,BP
谅解,EP
从轻处罚,SP
有期徒刑,BR
一年,ER
158,O
一,BN
死亡,EN
如实,BP
供述,EP
系自首,SP
进行,BP
赔偿,EP
取得,BP
谅解,EP
从轻处罚,SP
有期徒刑,BR
一年,ER
缓刑,BR
一年,ER
159,O
一,BN
死亡,EN
认罪,BP
较,EP
从轻处罚,SP
达成,BP
协议,EP
积极,BP
赔偿,EP
有,BP
悔罪表现,EP
有期徒刑,BR
二年,ER
缓刑,BR
二年,ER
160,O
一,BN
死亡,EN
自动,BP
投案,EP
如实,BP
供述,EP
系自首,SP
从轻处罚,SP
有,BP
表现,EP
从轻处罚,SP
赔偿,BP
被害人,EP
取得,BP
谅解,EP
从轻处罚,SP
有,BN
劣迹,EN
超速,BN
行驶,EN
一,BN
死,EN
一,BN
伤,EN
从重,BN
处罚,EN
有期徒刑,BR
一年,IR
三个月,ER
缓刑,BR
一年,IR
六个月,ER
161,O
一,BN
死亡,EN
自动,BP
投案,EP
如实,BP
供述,EP
系自首,SP
达成,BP
协议,EP
赔偿,BP
被害人,EP
取得,BP
谅解,EP
从轻处罚,SP
从轻处罚,SP
有期徒刑,BR
一年,IR
四个月,ER
缓刑,BR
一年,IR
六个月,ER
162,O
无,BP
驾驶,EP
一,BN
死亡,EN
肇事,BN
逃逸,EN
如实,BP
供述,EP
具有,BP
情节,EP
积极,BP
赔偿,EP
获得,BP
谅解,EP
从轻处罚,SP
有期徒刑,BR
三年,ER
缓刑,BR
五年,ER
10,O
163,O
无,BN
驾驶,EN
报废,BN
机动车,EN
一,BN
死亡,EN
一人,BN
轻伤,EN
肇事,BN
逃逸,EN
当庭,BP
认罪,EP
没有,BP
被害人,EP
从重,BP
处罚,EP
认罪,BP
好,EP
判决如下,SP
有期徒刑,BR
三年,IR
九个月,ER
164,O
无,BN
驾驶,EN
一,BN
死亡,EN
肇事,BN
逃逸,EN
具有,BP
情节,EP
赔偿,BP
被害人,EP
取得,BP
谅解,EP
有期徒刑,BR
三年,ER
缓刑,BR
四年,ER
完成,BR
公益劳动,ER
165,O
一,BN
死亡,EN
主动,BP
投案,EP
如实,BP
供述,EP
系自首,SP
从轻处罚,SP
赔偿,BP
被害人,EP
有,BP
悔罪表现,EP
有期徒刑,BR
一年,ER
缓刑,BR
一,IR
年,IR
零,IR
六个月,ER
166,O
一,BN
死亡,EN
一人,BN
重伤,EN
保护,BP
现场,EP
抢救,BP
伤者,EP
如实,BP
供述,EP
系自首,SP
从轻处罚,SP
达成,BP
协议,EP
赔偿,BP
被害方,EP
获得,BP
谅解,EP
从,BP
处罚,EP
有期徒刑,BR
六个月,ER
167,O
一,BN
死亡,EN
认罪,BP
好,EP
有,BP
悔罪表现,EP
积极,BP
被害人,EP
取得,BP
谅解,EP
有期徒刑,BR
一年,ER
缓刑,BR
二年,ER
168,O
酒后,BN
驾驶,EN
一,BN
重伤,EN
有,BP
情节,EP
积极,BP
赔偿,EP
获得,BP
谅解故,EP
从轻处罚,SP
有期徒刑,BR
十个月,ER
缓刑,BR
一年,ER
169,O
酒后,BN
驾车,EN
一,BN
死亡,EN
如实,BP
供述,EP
积极,BP
赔偿,EP
从轻处罚,SP
有期徒刑,BR
十个月,ER
170,O
一,BN
死亡,EN
自动,BP
投案,EP
构成,BP
自首,EP
从轻处罚,SP
达成调解,BP
协议,EP
从轻处罚,SP
参加,BR
公益劳动,ER
有期徒刑,BR
一,IR
年,IR
零,IR
二,IR
个,IR
月,ER
缓刑,BR
二年,ER
171,O
一,BN
死亡,EN
自动,BP
投案,EP
如实,BP
供述,EP
系自首,SP
有期徒刑,BR
一,IR
年,IR
零,IR
四个月,ER
172,O
一,BN
死亡,EN
系自首,SP
积极,BP
赔偿,EP
取得,BP
谅解,EP
从轻处罚,SP
有期徒刑,BR
一年,IR
六个月,ER
缓刑,BR
二年,ER
实行,BR
社区,IR
矫正,ER
173,O
无,BN
驾驶,EN
无牌照,BN
车辆,EN
一,BN
死亡,EN
系自首,SP
从轻处罚,SP
积极,BP
赔偿,EP
取得,SP
谅解,SP
从轻处罚,SP
无前科,BP
劣迹,EP
有期徒刑,BR
九个月,ER
缓刑,BR
一年,ER
174,O
无,BP
前科,EP
14,O
有期徒刑,BR
三年,ER
缓刑,BR
四年,ER
175,O
一,BN
死亡,EN
保护,BP
现场,EP
等候,BP
处理,EP
如实,BP
供述,EP
认定,BP
自首,EP
主动,BP
被害人,EP
从轻处罚,SP
有期徒刑,BR
一年,IR
四个月,ER
有期徒刑,BR
七个月,IR
十五日,ER
176,O
一人,BN
死亡,EN
如实,BP
供述,EP
以,BP
论,EP
赔偿,BP
被害人,EP
取得,SP
谅解,SP
有,BP
悔罪表现,EP
从轻处罚,SP
从轻处罚,SP
有期徒刑,BR
三年,ER
缓刑,BR
三年,ER
177,O
一人,BN
死亡,EN
主动,BP
报警,EP
现场,BP
等候,EP
视为,BP
投案,EP
如实,BP
供述,EP
是,BP
自首,EP
从轻处罚,SP
积极,BP
赔偿,EP
取得,BP
谅解,EP
从轻处罚,SP
有期徒刑,BR
一年,IR
三个月,ER
缓刑,BR
一年,IR
九个月,ER
178,O
无,BN
证,EN
无,BN
车辆,EN
一,BN
死亡,EN
精神,BP
障碍,EP
具有,BP
能力,EP
如实,BP
供述,EP
从轻处罚,SP
有期徒刑,BR
一年,IR
二,IR
个,IR
月,ER
179,O
一人,BN
死亡,EN
自愿认罪,SP
达成,BP
和解,EP
取得,BP
谅解,EP
有期徒刑,BR
一年,ER
缓刑,BR
一年,ER
180,O
离开,BN
现场,EN
不,BN
承认,EN
逃避,BN
惩处,EN
肇事,BN
逃逸,EN
有期徒刑,BR
四年,ER
181,O
人,BN
死亡,EN
认罪,BP
好,EP
赔偿,BP
被害人,EP
取得,BP
谅解,EP
认罪,SP
赔偿,BP
被害人,EP
有期徒刑,BR
一,IR
年,IR
零,IR
六个月,ER
缓刑,BR
二年,ER
182,O
一,BN
死亡,EN
肇事,BN
逃逸,EN
自动,BP
投案,EP
如实,BP
供述,EP
系自首,SP
积极,BP
赔偿,EP
取得,SP
谅解,SP
认罪,BP
较,EP
具有,BP
悔罪表现,EP
有期徒刑,BR
三年,ER
缓刑,BR
四年,ER
183,O
违章,BN
驾车,EN
一,BN
死亡,EN
立即,BP
报警,EP
现场,BP
等候,EP
如实,BP
供述,EP
投案,BP
自首,EP
积极,BP
补偿,EP
取得,BP
谅解,EP
有,BP
悔罪表现,EP
有期徒刑,BR
十个月,ER
缓刑,BR
一年,ER
184,O
故意,BN
身体,EN
一人,BN
轻伤,EN
一,BN
重伤,EN
身,BN
罪,EN
主动,BP
投案,EP
系自首,SP
如实,BP
供述,EP
从轻处罚,SP
500,O
有期徒刑,BR
九个月,ER
有期徒刑,BR
一年,ER
有期徒刑,BR
一年,IR
八个月,ER
240,O
240,O
185,O
逆向,BN
行驶,EN
一人,BN
死亡,EN
二,BN
受伤,EN
违章,BN
行为,EN
肇事,BN
逃逸,EN
如实,BP
供述,EP
赔偿,BP
被害人,EP
得到,BP
谅解,EP
有,BP
悔罪表现,EP
有期徒刑,BR
三年,ER
缓刑,BR
四年,ER
186,O
一,BN
死亡,EN
自动,BP
投案,EP
如实,BP
供述,EP
系自首,SP
从轻处罚,SP
自愿认罪,SP
赔偿,BP
被害人,EP
取得,SP
谅解,SP
从轻处罚,SP
有期徒刑,BR
一年,IR
六个月,ER
缓刑,BR
一年,ER
187,O
一,BN
死亡,EN
如实,BP
供述,EP
是,BP
自首,EP
达成,BP
协议,EP
赔偿,BP
被害人,EP
取得,BP
谅解,EP
自愿认罪,SP
有,BP
悔罪表现,EP
从轻处罚,SP
有期徒刑,BR
二年,ER
缓刑,BR
二年,ER
188,O
一,BN
死亡,EN
如实,BP
供述,EP
系自首,SP
认罪,BP
较好,EP
有,BP
悔罪表现,EP
赔偿,BP
受害人,EP
取得,BP
谅解,EP
从轻处罚,SP
有期徒刑,BR
一年,IR
二,IR
个,IR
月,ER
缓刑,BR
一年,IR
六个月,ER
189,O
一,BN
死亡,EN
主动,BP
报警,EP
现场,BP
等候,EP
自动,BP
投案,EP
如实,BP
供述,EP
是,BP
自首,EP
从轻处罚,SP
取得,BP
谅解,EP
有,BP
悔罪表现,EP
有期徒刑,BR
一年,ER
缓刑,BR
二年,ER
190,O
一,BN
死亡,EN
主动,BP
投案,EP
如实,BP
供述,EP
系自首,SP
赔偿,BP
被害方,EP
从轻处罚,SP
有期徒刑,BR
十个月,ER
缓刑,BR
一年,ER
191,O
一,BN
死亡,EN
现场,BP
等候,EP
如实,BP
供述,EP
视为,BP
自首,EP
积极,BP
被害人,EP
取得,BP
谅解,EP
有期徒刑,BR
一年,ER
缓刑,BR
一年,ER
192,O
一,BN
死亡,EN
122,O
现场,BP
等候,EP
认定,BP
自首,EP
积极,BP
赔偿,EP
有,BP
悔罪表现,EP
有,BP
情节,EP
积极,BP
赔偿,EP
有期徒刑,BR
一年,ER
缓刑,BR
二年,ER
193,O
未,BN
驾驶证,EN
一,BN
受伤,EN
一,BN
死亡,EN
自动,BP
投案,EP
如实,BP
供述,EP
从轻处罚,SP
有期徒刑,BR
四年,ER
194,O
一,BN
死亡,EN
系自首,SP
从轻处罚,SP
达成,BP
协议,EP
取得,BP
谅解,EP
有期徒刑,BR
二年,ER
缓刑,BR
三年,ER
195,O
一人,BN
死亡,EN
主动,BP
投案,EP
如实,BP
供述,EP
系自首,SP
从轻处罚,SP
当庭,BP
较,EP
未,BP
被害人,EP
未能,BP
谅解,EP
有期徒刑,BR
二年,ER
196,O
一,BN
人,EN
肇事,BN
逃逸,EN
有,BP
情节,EP
赔偿,BP
被害人,EP
取得,BP
谅解,EP
有期徒刑,BR
二年,IR
六个月,ER
197,O
一,BN
死亡,EN
自首,SP
从轻处罚,SP
积极,BP
被害人,EP
取得,BP
谅解,EP
从轻处罚,SP
有,BP
悔罪表现,EP
有期徒刑,BR
一年,ER
缓刑,BR
二年,ER
198,O
无,BN
资格,EN
驾驶,BN
登记,EN
失灵,BN
车辆,EN
一,BN
死亡,EN
自动,BP
投案,EP
如实,BP
供述,EP
系自首,SP
从轻处罚,SP
自愿认罪,SP
从轻处罚,SP
有期徒刑,BR
一年,IR
七个月,ER
199,O
一,BN
死亡,EN
一人,BN
轻伤,EN
肇事,BN
逃逸,EN
如实,BP
供述,EP
是,BP
自首,EP
从轻处罚,SP
主动,BP
赔偿,EP
取得,SP
谅解,SP
从轻处罚,SP
有期徒刑,BR
三年,ER
缓刑,BR
三年,ER
200,O
有期徒刑,BR
一年,ER
缓刑,BR
一年,IR
六个月,ER
201,O
一,BN
死亡,EN
现场,BP
等待,EP
如实,BP
供述,EP
具有,BP
情节,EP
从轻处罚,SP
达成调解,BP
协议,EP
取得,BP
谅解,EP
从轻处罚,SP
完成,BR
公益劳动,ER
有期徒刑,BR
一年,ER
缓刑,BR
一年,IR
六个月,ER
202,O
一,BN
死亡,EN
如实,BP
供述,EP
系自首,SP
从轻处罚,SP
犯罪情节,BP
较轻,EP
达成,BP
协议,EP
补偿,BP
被害方,EP
取得,BP
谅解,EP
具有,BP
悔罪表现,EP
有期徒刑,BR
九个月,ER
缓刑,BR
一年,ER
203,O
无,BN
驾驶,EN
人,BN
重伤,EN
赔偿,BP
被害人,EP
得到,BP
谅解,EP
从轻处罚,SP
有期徒刑,BR
一年,ER
缓刑,BR
一年,ER
204,O
一人,BN
死亡,EN
一人,BN
受伤,EN
自动,BP
投案,EP
如实,BP
供述,EP
系自首,SP
从轻处罚,SP
达成,BP
协议,EP
取得,BP
谅解,EP
有期徒刑,BR
一年,ER
缓刑,BR
二年,ER
205,O
无,BN
驾驶,EN
无,BN
摩托车,EN
一,BN
死亡,EN
当庭,BP
自愿认罪,EP
态度,BP
好,EP
积极,BP
被害人,EP
有,BP
悔罪表现,EP
有期徒刑,BR
一年,ER
缓刑,BR
二年,ER
206,O
一,BN
死亡,EN
自动,BP
投案,EP
如实,BP
供述,EP
系自首,SP
自愿认罪,SP
达成,BP
协议,EP
从轻处罚,SP
具有,BP
情节,EP
认罪,BP
较,EP
达成,BP
协议,EP
有期徒刑,BR
一年,IR
六个月,ER
缓刑,BR
二年,ER
207,O
一,BN
死亡,EN
积极,BP
被害人,EP
主动,BP
投案,EP
如实,BP
供述,EP
是,BP
自首,EP
赔偿,BP
被害人,EP
取得,BP
亲属,EP
从轻处罚,SP
具有,BP
悔罪表现,EP
有期徒刑,BR
七个月,ER
缓刑,BR
一年,ER
208,O
一人,BN
死亡,EN
如实,BP
供述,EP
认罪,BP
好,EP
从轻处罚,SP
积极,BP
被害人,EP
取得,SP
谅解,SP
从轻处罚,SP
有期徒刑,BR
十个月,ER
缓刑,BR
一年,ER
209,O
两,BN
死亡,EN
如实,BP
供述,EP
构成,BP
自首,EP
积极,BP
赔偿,EP
取得,SP
谅解,SP
从轻处罚,SP
从轻处罚,SP
有期徒刑,BR
三年,ER
缓刑,BR
四年,ER
210,O
一,BN
死亡,EN
系,BP
坦白,EP
积极,BP
被害人,EP
得到,SP
谅解,SP
未,BP
未成年人,EP
如实,BP
供述,EP
系,BP
坦白,EP
从轻处罚,SP
积极,BP
赔偿,EP
取得,SP
谅解,SP
从轻处罚,SP
有期徒刑,BR
一年,ER
缓刑,BR
一年,ER
211,O
一人,BN
死亡,EN
一人,BN
重伤,EN
打电话,BP
报警,EP
系自首,SP
自愿认罪,SP
坦白,BP
交代,EP
从轻处罚,SP
积极,BP
被害人,EP
取得,BP
谅解,EP
有期徒刑,BR
一年,ER
缓刑,BR
一年,ER
完成,BR
公益劳动,ER
212,O
一,BN
死亡,EN
如实,BP
供述,EP
自愿认罪,SP
达成调解,BP
协议,EP
赔偿,BP
被害人,EP
取得,SP
谅解,SP
自愿认罪,SP
达成调解,BP
协议,EP
有期徒刑,BR
一年,ER
缓刑,BR
一年,ER
213,O
一,BN
死亡,EN
当庭,BP
自愿认罪,EP
从轻处罚,SP
有期徒刑,BR
一年,IR
四个月,ER
214,O
一,BN
死亡,EN
如实,BP
供述,EP
从轻处罚,SP
当庭,BP
自愿认罪,EP
赔偿,BP
被害人,EP
取得,SP
谅解,SP
有期徒刑,BR
一年,ER
缓刑,BR
一年,ER
215,O
一,BN
人,EN
主动,BP
投案,EP
如实,BP
供述,EP
系自首,SP
抢救,BP
被害人,EP
有期徒刑,BR
一年,ER
75,O
63,O
216,O
1,O
110,O
120,O
119,O
120,O
4,O
5,O
6,O
7,O
有期徒刑,BR
三年,ER
缓刑,BR
四年,ER
217,O
1,BN
重伤,EN
酒后,BN
行为,EN
自动,BP
投案,EP
属,BP
自首,EP
达成,BP
协议,EP
取得,SP
谅解,SP
有,BP
劣迹,EP
自动,BP
投案,EP
如实,BP
供述,EP
属,BP
自首,EP
从轻处罚,SP
有期徒刑,BR
一年,ER
缓刑,BR
一年,IR
三个月,ER
218,O
一人,BN
死亡,EN
110,O
电话,BP
报警,EP
现场,BP
等候,EP
如实,BP
供述,EP
系自首,SP
从轻处罚,SP
积极,BP
赔偿,EP
取得,SP
谅解,SP
有期徒刑,BR
十个月,ER
缓刑,BR
一年,ER
219,O
一,BN
死亡,EN
肇事,BN
逃逸,EN
如实,BP
供述,EP
系自首,SP
积极,BP
赔偿,EP
取得,BP
谅解,EP
初犯,SP
从轻处罚,SP
具有,BP
悔罪表现,EP
有期徒刑,BR
三年,ER
缓刑,BR
三年,ER
220,O
一,BN
重伤,EN
肇事,BN
逃逸,EN
自动,BP
投案,EP
如实,BP
供述,EP
系自首,SP
从轻处罚,SP
达成,BP
协议,EP
取得,BP
谅解,EP
从轻处罚,SP
有,BP
悔罪表现,EP
有期徒刑,BR
一年,ER
缓刑,BR
二年,ER
221,O
一,BN
死亡,EN
全部,BN
责任,EN
如实,BP
供述,EP
是,SP
从轻处罚,SP
赔偿,BP
被害人,EP
有期徒刑,BR
一年,ER
缓刑,BR
二年,ER
222,O
一人,BN
死亡,EN
一人,BN
轻伤,EN
如实,BP
供述,EP
具有,BP
情节,EP
达成,BP
协议,EP
取得,BP
谅解,EP
有期徒刑,BR
一年,ER
缓刑,BR
二年,ER
22,O
3,O
一,BN
死亡,EN
自动,BP
投案,EP
如实,BP
供述,EP
是,BP
自首,EP
积极,BP
被害人,EP
有期徒刑,BR
九个月,ER
缓刑,BR
一年,ER
224,O
一,BN
死亡,EN
系,BP
初犯,EP
当庭,BP
悔罪,EP
从轻处罚,SP
积极,BP
被害人,EP
得到,BP
谅解,EP
有期徒刑,BR
三年,ER
缓刑,BR
三年,ER
225,O
一,BN
死亡,EN
主动,BP
投案,EP
如实,BP
供述,EP
系自首,SP
赔偿,BP
损失,EP
获得,SP
谅解,SP
有期徒刑,BR
一年,IR
二,IR
个,IR
月,ER
缓刑,BR
一年,IR
六个月,ER
226,O
一,BN
死亡,EN
一人,BN
重伤,EN
20,O
12,O
227,O
一,BN
死亡,EN
自动,BP
投案,EP
如实,BP
供述,EP
系自首,SP
从轻处罚,SP
积极,BP
被害人,EP
取得,SP
谅解,SP
有,BP
悔罪表现,EP
有期徒刑,BR
一年,ER
缓刑,BR
一年,IR
六个月,ER
228,O
一,BN
死亡,EN
自动,BP
投案,EP
如实,BP
供述,EP
属,BP
自首,EP
达成,BP
协议,EP
赔偿,BP
被害人,EP
得到,SP
谅解,SP
有期徒刑,BR
六个月,ER
缓刑,BR
一年,ER
229,O
一,BN
死亡,EN
肇事,BN
现场,EN
如实,BP
供述,EP
属,BP
坦白,EP
从轻处罚,SP
积极,SP
赔偿,SP
取得,SP
谅解,SP
有期徒刑,BR
三年,ER
缓刑,BR
四年,ER
230,O
人,BN
死亡,EN
一,BN
死亡,EN
现场,BP
等候,EP
如实,BP
供述,EP
系自首,SP
获得,SP
谅解,SP
从轻处罚,SP
有期徒刑,BR
一年,ER
缓刑,BR
一年,IR
六个月,ER
231,O
一,BN
死亡,EN
自首,SP
有期徒刑,BR
一年,ER
缓刑,BR
一年,IR
六个月,ER
232,O
一,BN
死亡,EN
自愿认罪,SP
达成,BP
协议,EP
赔偿,BP
被害人,EP
有期徒刑,BR
一年,ER
缓刑,BR
一年,ER
233,O
一,BN
死亡,EN
主动,BP
报案,EP
如实,BP
供述,EP
属,BP
自首,EP
积极,BP
赔偿,EP
有期徒刑,BR
三年,ER
缓刑,BR
四年,ER
234,O
一,BN
死亡,EN
具有,BP
情节,EP
自愿认罪,SP
赔偿,BP
被害人,EP
有期徒刑,BR
一年,IR
三个月,ER
缓刑,BR
一年,IR
六个月,ER
完成,BR
公益劳动,ER
235,O
一,BN
死亡,EN
自动,BP
投案,EP
是,BP
自首,EP
赔偿,BP
被害方,EP
取得,BP
谅解,EP
从轻处罚,SP
有,BP
情节,EP
赔偿,BP
被害方,EP
从轻处罚,SP
有期徒刑,BR
十个月,ER
缓刑,BR
一年,ER
236,O
一,BN
死亡,EN
逃避,BN
追究,EN
肇事,BN
逃逸,EN
如实,BP
供述,EP
从轻处罚,SP
赔偿,BP
被害人,EP
取得,SP
谅解,SP
有期徒刑,BR
三年,ER
缓刑,BR
三年,ER
237,O
1,BN
死亡,EN
如实,BP
供述,EP
是,BP
自首,EP
从轻处罚,SP
取得,SP
谅解,SP
有期徒刑,BR
一年,ER
缓刑,BR
一年,ER
238,O
一,BN
死亡,EN
一人,BN
受伤,EN
投案,BP
自首,EP
认罪,BP
较好,EP
从轻处罚,SP
系自首,SP
有期徒刑,BR
二年,ER
239,O
一,BN
死亡,EN
打电话,BP
报警,EP
现场,BP
等候,EP
如实,BP
供述,EP
系自首,SP
取得,SP
谅解,SP
有,BP
悔罪表现,EP
有期徒刑,BR
一年,IR
六个月,ER
缓刑,BR
二年,ER
240,O
一,BN
死亡,EN
自愿认罪,SP
有,BP
情节,EP
积极,BP
被害人,EP
有期徒刑,BR
十个月,ER
缓刑,BR
一年,ER
241,O
一,BN
死亡,EN
认罪,BP
较好,EP
积极,BP
被害人,EP
取得,SP
谅解,SP
有期徒刑,BR
一年,ER
缓刑,BR
二年,ER
242,O
非载客,BN
载客,EN
二,BN
死亡,EN
主动,BP
报警,EP
现场,BP
等候,EP
如实,BP
供述,EP
是,BP
自首,EP
从轻处罚,SP
有期徒刑,BR
三年,ER
缓刑,BR
三年,ER
243,O
一人,BN
死亡,EN
一人,BN
一级,EN
一人,BN
二级,EN
二,BN
伤,EN
六,BN
损坏,EN
系,BP
犯罪,EP
无,BN
驾驶,EN
立即,BP
报警,EP
具有,BP
行为,EP
努力,BP
被害人,EP
取得,BP
谅解,EP
免予,BR
刑事,IR
处罚,ER
244,O
一,BN
死亡,EN
现场,BP
等待,EP
自愿认罪,SP
如实,BP
供述,EP
是,BP
自首,EP
从轻处罚,SP
达成,BP
协议,EP
取得,SP
谅解,SP
是,BP
自首,EP
积极,BP
损失,EP
有期徒刑,BR
十个月,ER
缓刑,BR
一年,ER
245,O
一人,BN
重伤,EN
是,BP
自首,EP
有期徒刑,BR
一年,IR
二,IR
个,IR
月,ER
246,O
人,BN
死亡,EN
未,BN
供述,EN
不,BN
自首,EN
积极,BP
被害人,EP
取得,BP
谅解,EP
有,BP
悔罪表现,EP
有期徒刑,BR
三年,ER
缓刑,BR
三年,ER
247,O
无,BN
驾驶,EN
无,BN
车辆,EN
二,BN
死亡,EN
如实,BP
供述,EP
系,BP
立功,EP
自愿认罪,SP
有期徒刑,BR
三年,IR
三个月,ER
处,BR
罚金,IR
3000,IR
元,ER
有期徒刑,BR
三年,IR
七个月,ER
合并,BR
有期徒刑,IR
六年,IR
十个月,ER
处,BR
罚金,IR
3000,IR
元,ER
有期徒刑,BR
六年,IR
六个月,ER
处,BR
罚金,IR
3000,IR
元,ER
248,O
一,BN
死亡,EN
认罪,BP
较好,EP
积极,BP
被害人,EP
从轻处罚,SP
有期徒刑,BR
一年,ER
缓刑,BR
二年,ER
249,O
一,BN
死亡,EN
二,BN
受伤,EN
积极,BP
被害人,EP
认罪,BP
好,EP
有,BP
悔罪表现,EP
有期徒刑,BR
一年,ER
缓刑,BR
二年,ER
250,O
一,BN
死亡,EN
主动,BP
报警,EP
为,BP
自首,EP
从轻处罚,SP
达成,BP
协议,EP
取得,SP
谅解,SP
从轻处罚,SP
有期徒刑,BR
一年,ER
缓刑,BR
一年,ER
251,O
判处拘役,BR
六个月,ER
缓刑,BR
六个月,ER
252,O
一,BN
死亡,EN
从重,BN
处罚,EN
离开,BN
现场,EN
肇事,BN
逃逸,EN
自动,BP
投案,EP
如实,BP
供述,EP
系自首,SP
积极,BP
被害人,EP
取得,BP
谅解,EP
有期徒刑,BR
三年,ER
缓刑,BR
四年,ER
253,O
一,BN
死亡,EN
主动,BP
投案,EP
如实,BP
供述,EP
系自首,SP
从轻处罚,SP
赔偿,BP
被害人,EP
取得,BP
谅解,EP
从轻处罚,SP
有期徒刑,BR
十个月,ER
缓刑,BR
一年,ER
254,O
一,BN
死亡,EN
及时,BP
报警,EP
现场,BP
等待,EP
如实,BP
供述,EP
系自首,SP
达成调解,BP
协议,EP
赔偿,BP
被害人,EP
取得,SP
谅解,SP
判处拘役,BR
四个月,ER
255,O
一,BN
死亡,EN
当庭,BP
认罪,EP
积极,BP
被害人,EP
得到,SP
谅解,SP
从轻处罚,SP
有期徒刑,BR
一年,ER
缓刑,BR
一年,ER
256,O
一人,BN
死亡,EN
有,BP
情节,EP
达成,BP
协议,EP
取得,SP
谅解,SP
没有,BP
影响,EP
有期徒刑,BR
十个月,ER
缓刑,BR
一年,ER
257,O
1,O
120,O
一,BN
死亡,EN
如实,BP
供述,EP
积极,BP
被害方,EP
取得,BP
谅解,EP
从轻处罚,SP
犯罪情节,BP
较轻,EP
有,BP
悔罪表现,EP
有期徒刑,BR
一,IR
年,IR
零,IR
二,IR
个,IR
月,ER
缓刑,BR
二年,ER
258,O
一人,BN
死亡,EN
主动,BP
报警系,EP
投案,BP
自首,EP
认罪,BP
好,EP
赔偿,BP
被害方,EP
从轻处罚,SP
有期徒刑,BR
一年,ER
缓刑,BR
一年,ER
259,O
一,BN
死亡,EN
自动,BP
投案,EP
如实,BP
供述,EP
属,BP
自首,EP
某系,BP
初犯,EP
积极,BP
被害方,EP
取得,BP
谅解,EP
有期徒刑,BR
一年,ER
缓刑,BR
二年,ER
260,O
一,BN
死亡,EN
如实,BP
供述,EP
从轻处罚,SP
积极,BP
赔偿,EP
取得,SP
谅解,SP
从轻处罚,SP
有,BP
悔罪表现,EP
有期徒刑,BR
九个月,ER
缓刑,BR
一年,ER
261,O
逆向,BN
行驶,EN
一,BN
死亡,EN
具有,BP
情节,EP
自愿认罪,SP
具有,BP
悔罪表现,EP
达成,BP
和解,EP
取得,BP
谅解,EP
有期徒刑,BR
七个月,ER
缓刑,BR
一年,ER
262,O
人,BN
死亡,EN
当庭,BP
自愿认罪,EP
赔偿,BP
经济损失,EP
得到,BP
谅解,EP
有期徒刑,BR
三年,ER
缓刑,BR
三年,ER
263,O
一,BN
死亡,EN
自动,BP
投案,EP
如实,BP
供述,EP
系自首,SP
积极,BP
被害人,EP
从轻处罚,SP
有期徒刑,BR
十,IR
一个,IR
月,ER
缓刑,BR
一年,ER
264,O
无,BN
证,EN
一,BN
重伤,EN
三,BN
轻伤,EN
一人,BN
轻微,EN
有,BN
情节,EN
如实,BP
供述,EP
系,BP
坦白,EP
从轻处罚,SP
未,BN
投案,EN
有期徒刑,BR
一年,IR
六个月,ER
265,O
一,BN
死亡,EN
有期徒刑,BR
九个月,ER
缓刑,BR
一年,ER
266,O
一,BN
死亡,EN
肇事,BN
逃逸,EN
有期徒刑,BR
三年,ER
缓刑,BR
四年,ER
267,O
一,BN
死亡,EN
肇事,BN
逃逸,EN
进行,BP
赔偿,EP
取得,BP
谅解,EP
从轻处罚,SP
认罪,BP
好,EP
积极,BP
被害人,EP
取得,BP
谅解,EP
有,BP
悔罪表现,EP
从轻处罚,SP
有期徒刑,BR
三年,ER
缓刑,BR
四年,ER
268,O
一人,BN
死亡,EN
肇事,BN
逃逸,EN
自动,BP
投案,EP
如实,BP
供述,EP
系自首,SP
自愿认罪,SP
有期徒刑,BR
三年,ER
缓刑,BR
三年,ER
269,O
一,BN
死亡,EN
当庭,BP
认罪,EP
赔偿,BP
被害人,EP
取得,BP
谅解,EP
有期徒刑,BR
二年,ER
缓刑,BR
三年,ER
270,O
一,BN
死亡,EN
肇事,BN
逃逸,EN
如实,BP
供述,EP
积极,BP
赔偿,EP
得到,SP
谅解,SP
有期徒刑,BR
三年,ER
缓刑,BR
四年,ER
271,O
一,BN
死亡,EN
一人,BN
重伤,EN
未,BP
供述,EP
进行,BP
赔偿,EP
取得,BP
谅解,EP
现场,BP
等候,EP
未,BN
供述,EN
不,BN
自首,EN
有期徒刑,BR
二年,IR
六个月,ER
缓刑,BR
三年,ER
272,O
一,BN
死亡,EN
保护,BP
现场,EP
现场,BP
等待,EP
属,BP
自首,EP
取得,SP
谅解,SP
有期徒刑,BR
八个月,ER
缓刑,BR
一年,ER
273,O
二,BN
死亡,EN
未,BN
驾驶证,EN
醉酒,BN
后,EN
无,BN
机动车,EN
认罪,BP
好,EP
达成,BP
协议,EP
赔偿,BP
被害方,EP
取得,BP
谅解故,EP
有期徒刑,BR
三年,ER
缓刑,BR
四年,ER
274,O
一,BN
死亡,EN
一人,BN
轻伤,EN
一人,BN
伤,EN
系,BP
自首,EP
不,BN
供述,EN
有期徒刑,BR
一年,IR
六个月,ER
20,O
400,O
1,O
200,O
300,O
100,O
200,O
200,O
100,O
275,O
一,BN
死亡,EN
电话,BP
报案,EP
现场,BP
等候,EP
如实,BP
供述,EP
当庭,BP
自愿认罪,EP
属于,BP
自首,EP
达成,BP
协议,EP
取得,SP
谅解,SP
有期徒刑,BR
一年,ER
缓刑,BR
一年,ER
276,O
一,BN
死亡,EN
如实,BP
供述,EP
达成,BP
协议,EP
有期徒刑,BR
一,IR
年,IR
零,IR
四个月,ER
缓刑,BR
二年,ER
277,O
一,BN
死亡,EN
如实,BP
供述,EP
妥善,BP
民事赔偿,EP
获得,BP
谅解,EP
有期徒刑,BR
一年,IR
三个月,ER
缓刑,BR
一年,IR
九个月,ER
278,O
一,BN
死亡,EN
积极,BP
被害人,EP
取得,BP
谅解,EP
犯罪情节,BP
较轻,EP
有,BP
悔罪表现,EP
有期徒刑,BR
十个月,ER
缓刑,BR
一年,ER
279,O
一,BN
死亡,EN
当庭,BP
认罪,EP
获得,BP
谅解,EP
有期徒刑,BR
一,IR
年,IR
零,IR
六个月,ER
缓刑,BR
二年,ER
280,O
一,BN
死亡,EN
有,BN
悔罪表现,EN
补偿,BP
被害人,EP
取得,BP
谅解,EP
有期徒刑,BR
一年,IR
六个月,ER
缓刑,BR
三年,ER
281,O
一,BN
死亡,EN
如实,BP
供述,EP
系自首,SP
认罪,BP
好,EP
有,BP
悔罪表现,EP
赔偿,BP
被害方,EP
得到,BP
谅解,EP
有期徒刑,BR
三年,ER
缓刑,BR
三年,ER
282,O
一,BN
死亡,EN
自动,BP
投案,EP
如实,BP
供述,EP
自愿认罪,SP
取得,SP
谅解,SP
有期徒刑,BR
一年,ER
缓刑,BR
一年,IR
六个月,ER
283,O
一,BN
死亡,EN
具有,BP
情节,EP
从轻处罚,SP
赔偿,BP
被害方,EP
取得,BP
谅解,EP
从轻处罚,SP
判决如下,SP
有期徒刑,BR
一年,ER
缓刑,BR
一年,ER
284,O
一人,BN
死亡,EN
现场,BP
等候,EP
报警,BP
电话,EP
主动,BP
投案,EP
如实,BP
供述,EP
是,BP
自首,EP
从轻处罚,SP
积极,BP
赔偿,EP
谅解,SP
从轻处罚,SP
犯罪情节,BP
较轻,EP
有,BP
悔罪表现,EP
有期徒刑,BR
七个月,ER
缓刑,BR
一年,ER
285,O
一,BN
死亡,EN
肇事,BN
逃逸,EN
主动,BP
投案,EP
如实,BP
供述,EP
系自首,SP
积极,BP
赔偿,EP
取得,BP
谅解,EP
有期徒刑,BR
二年,ER
缓刑,BR
三年,ER
286,O
一,BN
重伤,EN
肇事,BN
逃逸,EN
自动,BP
投案,EP
如实,BP
供述,EP
是,BP
自首,EP
积极,BP
赔偿,EP
取得,BP
谅解,EP
有期徒刑,BR
九个月,ER
缓刑,BR
一年,ER
287,O
未经,BN
机动车,EN
有期徒刑,BR
一年,IR
三个月,ER
缓刑,BR
一年,IR
六个月,ER
288,O
二,BN
死亡,EN
如实,BP
供述,EP
系自首,SP
从轻处罚,SP
赔偿,BP
被害人,EP
有,BP
悔罪表现,EP
从轻处罚,SP
有期徒刑,BR
三年,ER
缓刑,BR
五年,ER
289,O
一人,BN
死亡,EN
取得,BP
谅解,EP
有期徒刑,BR
二年,ER
缓刑,BR
二年,ER
290,O
无,BN
驾驶,EN
二,BN
死亡,EN
一人,BN
重伤,EN
系,BN
驾驶,EN
62,O
20,O
56,O
7,O
18,O
63,O
60,O
12,O
82,O
203,O
200,O
有期徒刑,BR
四年,ER
12,O
291,O
一,BN
死亡,EN
主观,BP
小,EP
系初,BP
犯案,EP
主动,BP
投案,EP
如实,BP
供述,EP
系自首,SP
赔偿,BP
被害人,EP
取得,SP
谅解,SP
有期徒刑,BR
九个月,ER
缓刑,BR
一年,ER
292,O
一,BN
死亡,EN
肇事,BN
逃逸,EN
逃离,BN
现场,EN
主动,BP
到案,EP
如实,BP
供述,EP
自愿认罪,SP
属,BP
自首,EP
赔偿,BP
被害人,EP
取得,BP
谅解,EP
具有,BP
悔罪表现,EP
有期徒刑,BR
三年,ER
缓刑,BR
考验,IR
期限,IR
为,IR
四年,ER
293,O
一,BN
死亡,EN
自动,BP
投案,EP
如实,BP
供述,EP
是,BP
自首,EP
赔偿,BP
被害人,EP
得到,BP
谅解,EP
判处拘役,BR
五个月,ER
294,O
未,BN
驾驶证,EN
人,BN
死亡,EN
肇事,BN
逃逸,EN
如实,BP
供述,EP
为,BP
自首,EP
具有,BP
情节,EP
积极,BP
赔偿,EP
取得,SP
谅解故,SP
有期徒刑,BR
三年,ER
缓刑,BR
四年,ER
295,O
一,BN
死亡,EN
达成调解,BP
协议,EP
取得,SP
谅解,SP
有,BP
情节,EP
自愿认罪,SP
悔罪,BP
好,EP
有期徒刑,BR
六个月,ER
缓刑,BR
一年,ER
296,O
一人,BN
死亡,EN
现场,BP
等待,EP
如实,BP
供述,EP
是,BP
自首,EP
取得,SP
谅解,SP
有期徒刑,BR
一年,IR
六个月,ER
缓刑,BR
二年,ER
297,O
1,BN
死亡,EN
投案,BP
自首,EP
达成,BP
协议,EP
有期徒刑,BR
一年,ER
缓刑,BR
一年,ER
298,O
无,BN
驾驶,EN
一,BN
重伤,EN
系自首,SP
取得,BP
谅解,EP
有期徒刑,BR
十个月,ER
缓刑,BR
一年,ER
299,O
一,BN
死亡,EN
肇事,BN
逃逸,EN
如实,BP
供述,EP
真诚,BP
悔罪,EP
赔礼道歉,SP
获得,SP
谅解,SP
有期徒刑,BR
二年,ER
300,O
无,BN
驾驶,EN
一,BN
重伤,EN
如实,BN
供述,EN
达成,BN
和解,EN
有期徒刑,BR
二年,IR
又,IR
二,IR
个,IR
月,ER
有期徒刑,BR
六个月,ER
合并,BR
执行,ER
有期徒刑,BR
二年,IR
又,IR
六个月,ER
301,O
一,BN
死亡,EN
自动,BP
投案,EP
如实,BP
供述,EP
是,BP
自首,EP
赔偿,BP
被害人,EP
取得,SP
谅解,SP
有期徒刑,BR
一年,IR
六个月,ER
缓刑,BR
二年,ER
302,O
1,BN
死亡,EN
如实,BP
供述,EP
有,BP
情节,EP
积极,BP
赔偿,EP
取得,SP
谅解,SP
有期徒刑,BR
八个月,ER
缓刑,BR
一年,ER
303,O
一,BN
重伤,EN
具有,BP
情节,EP
达成,BP
协议,EP
得到,BP
谅解,EP
系,BN
驾驶,EN
社会,BN
大,EN
有期徒刑,BR
六个月,ER
304,O
无,BN
资格,EN
一,BN
重伤,EN
主动,BP
报警,EP
现场,BP
等候,EP
如实,BP
供述,EP
系自首,SP
有期徒刑,BR
一年,IR
六个月,ER
305,O
一,BN
死亡,EN
自动,BP
投案,EP
如实,BP
供述,EP
是,BP
自首,EP
赔偿,BP
被害人,EP
有期徒刑,BR
十个月,ER
缓刑,BR
一年,ER
306,O
一,BN
死亡,EN
现场,BP
等待,EP
如实,BP
供述,EP
系自首,SP
积极,BP
赔偿,EP
获得,BP
谅解,EP
没有,BP
影响,EP
有期徒刑,BR
一年,ER
缓刑,BR
一年,ER
307,O
一,BN
死亡,EN
达成,BP
解协,EP
赔偿,BP
被害人,EP
有期徒刑,BR
一年,IR
二,IR
个,IR
月,ER
缓刑,BR
二年,ER
308,O
一,BN
死亡,EN
肇事,BN
逃逸,EN
有期徒刑,BR
四年,ER
309,O
一,BN
死亡,EN
主动,BP
到案,EP
如实,BP
供述,EP
达成,BP
协议,EP
取得,BP
谅解,EP
有,BP
悔罪表现,EP
有期徒刑,BR
九个月,ER
缓刑,BR
一年,ER
310,O
一,BN
死亡,EN
一人,BN
重伤,EN
一人,BN
轻伤,EN
自愿认罪,SP
积极,BP
赔偿,EP
获得,BP
谅解,EP
没有,BP
影响,EP
有期徒刑,BR
一年,IR
六个月,ER
缓刑,BR
二年,ER
311,O
醉酒,BN
驾车,EN
一,BN
重伤,EN
人,BN
死亡,EN
有期徒刑,BR
一,IR
年,IR
零,IR
六个月,ER
312,O
一人,BN
死亡,EN
主动,BP
投案,EP
如实,BP
供述,EP
取得,BP
谅解,EP
有期徒刑,BR
一年,ER
缓刑,BR
二年,ER
313,O
一,BN
死亡,EN
自动,BP
投案,EP
如实,BP
供述,EP
是,BP
自首,EP
系,BP
初犯,EP
自愿认罪,SP
积极,BP
赔偿,EP
取得,SP
谅解,SP
有期徒刑,BR
一年,ER
缓刑,BR
一年,ER
314,O
一,BN
死亡,EN
逃避,BN
追究,EN
肇事,BN
逃逸,EN
具有,BP
情节,EP
315,O
一,BN
死亡,EN
打电话,BP
报警,EP
现场,BP
等待,EP
如实,BP
供述,EP
成立,BP
自首,EP
积极,BP
赔偿,EP
获得,SP
谅解,SP
有期徒刑,BR
六个月,ER
316,O
超速,BN
行驶,EN
一人,BN
死亡,EN
1,O
120,O
有期徒刑,BR
十个月,ER
缓刑,BR
一年,ER
317,O
超速,BN
行驶,EN
一,BN
死亡,EN
如实,BP
供述,EP
有,BP
悔罪表现,EP
取得,SP
谅解,SP
无,BP
影响,EP
有期徒刑,BR
一年,IR
六个月,ER
缓刑,BR
二年,ER
318,O
驾驶,BN
超载,EN
一人,BN
死亡,EN
一人,BN
受伤,EN
车辆,BN
损坏,EN
能,BP
自首,EP
达成,BP
协议,EP
有期徒刑,BR
九个月,ER
319,O
一,BN
死亡,EN
自动,BP
投案,EP
如实,BP
供述,EP
属,BP
自首,EP
系,BP
犯罪,EP
真诚,BP
悔罪,EP
达成,BP
协议,EP
积极,BR
赔偿,ER
获得,SP
谅解,SP
有期徒刑,BR
六个月,ER
缓刑,BR
一年,ER
3,O
20,O
一,BN
死亡,EN
具有,BP
情节,EP
赔偿,BP
被害人,EP
取得,SP
谅解,SP
有期徒刑,BR
十个月,ER
缓刑,BR
一,IR
年,IR
零,IR
六个月,ER
321,O
有期徒刑,BR
一年,ER
缓刑,BR
一年,ER
3,O
22,O
一,BN
死亡,EN
拨打,BP
电话,EP
现场,BP
等待,EP
如实,BP
供述,EP
系自首,SP
赔偿,BP
被害人,EP
取得,BP
谅解,EP
系自首,SP
判处拘役,BR
一个,IR
月,ER
有期徒刑,BR
十个月,ER
决定,BR
执行,IR
有期徒刑,IR
十个月,IR
并,IR
处,ER
120,O
323,O
喝酒,BN
后,EN
二,BN
重伤,EN
二,BN
轻伤,EN
自动,BP
投案,EP
如实,BP
供述,EP
是,BP
自首,EP
赔偿,BP
被害人,EP
185,O
38,O
有期徒刑,BR
一年,ER
38,O
3,O
24,O
一人,BN
死亡,EN
主动,BP
到案,EP
如实,BP
供述,EP
系自首,SP
积极,BP
赔偿,EP
取得,SP
谅解,SP
判处拘役,BR
三个月,ER
325,O
未,BN
驾驶证,EN
未,BN
车速,EN
一,BN
死亡,EN
肇事,BN
逃逸,EN
自动,BP
投案,EP
如实,BP
供述,EP
系自首,SP
达成,BP
协议,EP
得到,SP
谅解,SP
有期徒刑,BR
二年,IR
六个月,ER
缓刑,BR
三年,ER
326,O
一,BN
死亡,EN
电话,BP
报警,EP
如实,BP
供述,EP
系自首,SP
达成,BP
协议,EP
取得,SP
谅解,SP
无,BP
危险,EP
无,BP
影响,EP
有期徒刑,BR
一年,ER
缓刑,BR
一年,ER
327,O
二,BN
死亡,EN
如实,BP
供述,EP
系自首,SP
真诚,BP
悔罪,EP
赔偿,BP
被害人,EP
获得,SP
谅解故,SP
没有,BP
影响,EP
有期徒刑,BR
二年,ER
缓刑,BR
二年,ER
328,O
三,BN
死亡,EN
如实,BP
供述,EP
系自首,SP
赔偿,BP
协议,EP
取得,SP
谅解,SP
自愿认罪,SP
有期徒刑,BR
三年,ER
缓刑,BR
四年,ER
329,O
有期徒刑,BR
七个月,ER
缓刑,BR
一年,ER
330,O
一人,BN
死亡,EN
如实,BP
供述,EP
肇事,BN
逃逸,EN
有期徒刑,BR
二年,ER
331,O
一人,BN
死亡,EN
主动,BP
投案,EP
如实,BP
供述,EP
构成,BP
自首,EP
赔偿,BP
被害人,EP
取得,SP
谅解,SP
有,BP
悔罪表现,EP
有期徒刑,BR
十个月,ER
缓刑,BR
一年,ER
332,O
一,BN
死亡,EN
自愿认罪,SP
达成,BP
协议,EP
取得,SP
谅解,SP
没有,BP
影响,EP
有期徒刑,BR
九个月,ER
缓刑,BR
一年,ER
333,O
一,BN
死亡,EN
自动,BP
投案,EP
如实,BP
供述,EP
系自首,SP
赔偿,BP
被害人,EP
取得,BP
谅解,EP
不致,BP
影响,EP
有期徒刑,BR
十个月,ER
缓刑,BR
一年,ER
334,O
一,BN
死亡,EN
主动,BP
投案,EP
如实,BP
供述,EP
系自首,SP
民事,BP
兑现,EP
取得,BP
谅解,EP
有期徒刑,BR
七个月,ER
335,O
一,BN
死亡,EN
无,BN
驾驶,EN
有期徒刑,BR
一年,IR
六个月,ER
336,O
一,BN
死亡,EN
如实,BP
供述,EP
系,BP
坦白,EP
赔偿,BP
被害人,EP
取得,BP
谅解,EP
有期徒刑,BR
九个月,ER
缓刑,BR
一年,ER
337,O
一,BN
死亡,EN
肇事,BN
逃逸,EN
自动,BP
投案,EP
如实,BP
供述,EP
系自首,SP
积极,BP
赔偿,EP
取得,BP
谅解,EP
系,BP
初犯,EP
有期徒刑,BR
二年,IR
三个月,ER
缓刑,BR
三年,ER
338,O
一人,BN
死亡,EN
如实,BP
供述,EP
是,BP
自首,EP
积极,BP
赔偿,EP
取得,SP
谅解,SP
有,BP
悔罪表现,EP
有期徒刑,BR
七个月,ER
缓刑,BR
一年,ER
339,O
一,BN
死亡,EN
自动,BP
投案,EP
如实,BP
供述,EP
是,BP
自首,EP
达成,BP
赔偿,EP
取得,SP
谅解,SP
犯罪情节,BP
较轻,EP
有,BP
悔罪表现,EP
没有,BP
影响,EP
有期徒刑,BR
九个月,ER
缓刑,BR
一年,ER
340,O
一,BN
死亡,EN
积极,BP
赔偿,EP
认罪,BP
好,EP
有,BP
表现,EP
有期徒刑,BR
一年,IR
四个月,ER
缓刑,BR
二年,ER
341,O
一,BN
死亡,EN
一人,BN
轻伤,EN
赔偿,BP
被害人,EP
有期徒刑,BR
一年,ER
缓刑,BR
一年,IR
被告人,ER
完成,BR
公益劳动,ER
342,O
1,BN
死亡,EN
投案,BP
自首,EP
得到,BP
谅解,EP
有期徒刑,BR
一年,ER
缓刑,BR
一年,ER
343,O
无,BN
资格,EN
一,BN
死亡,EN
自愿认罪,SP
赔偿,BP
被害人,EP
取得,SP
谅解,SP
犯罪情节,BP
较轻,EP
有,BP
悔罪表现,EP
没有,BP
影响,EP
有期徒刑,BR
一年,ER
缓刑,BR
一年,ER
344,O
一,BN
死亡,EN
逃避,BN
追究,EN
逃离,BN
现场,EN
积极,BP
赔偿,EP
有期徒刑,BR
三年,ER
缓刑,BR
四年,ER
345,O
一人,BN
死亡,EN
有,BP
情节,EP
赔偿,BN
被害人,EN
取得,BP
谅解,EP
没有,BP
影响,EP
有期徒刑,BR
一年,ER
缓刑,BR
一年,ER
346,O
无,BN
资格,EN
1,BN
重伤,EN
自动,BP
投案,EP
如实,BP
供述,EP
系自首,SP
赔偿,BP
被害人,EP
系,BP
初犯,EP
有,BP
情节,EP
积极,BP
筹款,EP
有期徒刑,BR
六个月,ER
347,O
一,BN
死亡,EN
系自首,SP
赔偿,BP
死者,EP
取得,SP
谅解,SP
有期徒刑,BR
二年,ER
缓刑,BR
二年,ER
348,O
酒后,BN
驾驶,EN
一,BN
死亡,EN
如实,BP
供述,EP
积极,BP
赔偿,EP
得到,SP
谅解,SP
判决如下,SP
判处,SP
有期徒刑,BR
六个月,ER
349,O
一,BN
死亡,EN
如实,BP
供述,EP
系自首,SP
达成,BP
协议,EP
取得,BP
谅解,EP
没有,BP
影响,EP
有期徒刑,BR
一年,ER
缓刑,BR
一年,ER
350,O
肇事,BN
逃逸,EN
一,BN
死亡,EN
达成,BP
协议,EP
取得,SP
谅解故,SP
有期徒刑,BR
三年,ER
缓刑,BR
四年,ER
351,O
一,BN
死亡,EN
如实,BP
供述,EP
是,BP
自首,EP
积极,BP
赔偿,EP
有期徒刑,BR
一年,ER
缓刑,BR
一年,ER
352,O
有期徒刑,BR
九个月,ER
缓刑,BR
一年,ER
353,O
一,BN
死亡,EN
肇事,BN
逃逸,EN
投案,SP
如实,BP
供述,EP
进行,BP
赔偿,EP
取得,BP
谅解,EP
有期徒刑,BR
三年,ER
缓刑,BR
四年,ER
354,O
无,BN
证,EN
一人,BN
重伤,EN
肇事,BN
逃逸,EN
自愿认罪,SP
赔偿,BP
被害人,EP
有期徒刑,BR
三年,ER
缓刑,BR
三年,ER
355,O
一,BN
死亡,EN
一人,BN
受伤,EN
主动,BP
报警,EP
现场,BP
等候,EP
系自首,SP
赔偿,BP
被害人,EP
取得,BP
谅解,EP
有期徒刑,BR
一年,IR
八个月,ER
缓刑,BR
二年,ER
356,O
一,BN
死亡,EN
构成,BP
自首,EP
自愿认罪,SP
系,BP
初犯,EP
取得,SP
谅解,SP
有期徒刑,BR
九个月,ER
缓刑,BR
一年,ER
357,O
一人,BN
死亡,EN
一人,BN
重伤,EN
现场,BP
等候,EP
如实,BP
供述,EP
系自首,SP
积极,BP
抢救,EP
赔偿,BP
被害人,EP
取得,SP
谅解,SP
具有,BP
悔罪表现,EP
有期徒刑,BR
十个月,ER
缓刑,BR
一年,ER
358,O
一,BN
死亡,EN
自动,BP
投案,EP
如实,BP
供述,EP
系自首,SP
积极,BP
赔偿,EP
取得,BP
谅解,EP
有期徒刑,BR
一年,ER
缓刑,BR
一年,IR
六个月,ER
359,O
一,BN
死亡,EN
请,BP
报警,EP
自动,BP
投案,EP
如实,BP
供述,EP
系自首,SP
达成,BP
协议,EP
赔偿,BP
被害人,EP
投案,BP
自首,EP
有期徒刑,BR
六个月,ER
缓刑,BR
一年,ER
360,O
超速,BN
驾驶,EN
二,BN
死亡,EN
二,BN
轻伤,EN
情节,BN
恶劣,EN
现场,BP
等候,EP
如实,BP
供述,EP
是,BP
自首,EP
有期徒刑,BR
四年,ER
361,O
一,BN
死亡,EN
立即,BP
报警,EP
现场,BP
等候,EP
系自首,SP
从轻处罚,SP
赔偿,BP
被害人,EP
取得,BP
谅解,EP
有期徒刑,BR
十个月,ER
缓刑,BR
一年,IR
六个月,ER
362,O
一,BN
死亡,EN
自动,BP
投案,EP
如实,BP
供述,EP
赔偿,BP
被害人,EP
获得,BP
谅解,EP
有期徒刑,BR
一年,ER
缓刑,BR
一年,ER
363,O
一人,BN
死亡,EN
主动,BP
报警,EP
保护,BP
现场,EP
如实,BP
供述,EP
系自首,SP
取得,BP
谅解,EP
判处拘役,BR
五个月,ER
364,O
一,BN
死亡,EN
主动,BP
投案,EP
如实,BP
供述,EP
系自首,SP
赔偿,BP
被害人,EP
取得,SP
谅解,SP
有期徒刑,BR
三年,ER
缓刑,BR
四年,ER
365,O
二,BN
死亡,EN
有,BN
劣迹,EN
从重,BN
处罚,EN
110,O
现场,BP
等待,EP
如实,BP
供述,EP
有期徒刑,BR
三年,IR
六个月,ER
366,O
一,BN
重伤,EN
自动,BP
投案,EP
如实,BP
供述,EP
是,BP
自首,EP
赔偿,BP
被害人,EP
表示,BP
谅解,EP
犯罪情节,BP
较轻,EP
有,BP
悔罪表现,EP
没有,BP
影响,EP
有期徒刑,BR
一年,ER
缓刑,BR
一年,IR
六个月,ER
367,O
一,BN
死亡,EN
自动,BP
投案,EP
如实,BP
供述,EP
属,BP
自首,EP
达成,BP
协议,EP
表示,BP
谅解,EP
368,O
1,BN
死亡,EN
120,O
110,O
自愿认罪,SP
达成,BP
协议,EP
赔偿,BP
被害人,EP
得到,SP
谅解,SP
有期徒刑,BR
十个月,ER
369,O
一,BN
重伤,EN
如实,BP
供述,EP
系自首,SP
认罪,BP
较好,EP
达成,BP
协议,EP
得到,BP
谅解,EP
有期徒刑,BR
一年,ER
缓刑,BR
一年,ER
370,O
一,BN
死亡,EN
自动,BP
投案,EP
如实,BP
供述,EP
积极,BP
被害人,EP
积极,BP
被害人,EP
取得,SP
谅解,SP
有期徒刑,BR
六个月,ER
缓刑,BR
一年,ER
371,O
一人,BN
死亡,EN
一人,BN
伤,EN
自动,BP
投案,EP
如实,BP
供述,EP
是,BP
自首,EP
有,BP
悔罪表现,EP
赔偿,BP
被害方,EP
有期徒刑,BR
三年,ER
缓刑,BR
四年,ER
372,O
一,BN
死亡,EN
肇事,BN
逃逸,EN
当庭,BP
自愿认罪,EP
积极,BP
赔偿,EP
有,BP
悔罪表现,EP
58,O
8,O
有期徒刑,BR
三年,ER
缓刑,BR
四年,ER
373,O
一,BN
死亡,EN
主动,BP
到案,EP
如实,BP
供述,EP
积极,BP
被害人,EP
取得,BP
谅解,EP
有期徒刑,BR
一年,ER
缓刑,BR
二年,ER
374,O
一,BN
死亡,EN
有,BP
情节,EP
自愿认罪,SP
主动,BP
赔偿,EP
取得,BP
谅解,EP
判处拘役,BR
六个月,ER
375,O
一,BN
死亡,EN
有,BP
情节,EP
认罪,BP
好,EP
有期徒刑,BR
一年,ER
缓刑,BR
一年,ER
376,O
一,BN
死亡,EN
有,BP
情节,EP
有期徒刑,BR
一年,ER
缓刑,BR
一年,ER
377,O
一,BN
死亡,EN
逃离,BN
现场,EN
如实,BP
供述,EP
系自首,SP
积极,BP
被害人,EP
取得,SP
谅解,SP
有,BP
悔罪表现,EP
达成,BP
协议,EP
8,O
有期徒刑,BR
二年,IR
五个月,ER
缓刑,BR
三年,ER
8,O
118,O
378,O
一,BN
死亡,EN
现场,BP
等候,EP
如实,BP
供述,EP
为,BP
自首,EP
属,BP
犯罪,EP
赔偿,BP
被害人,EP
认罪,BP
好,EP
有,BP
悔罪表现,EP
有期徒刑,BR
一年,ER
缓刑,BR
一年,ER
379,O
一人,BN
死亡,EN
是,BP
自首,EP
达成,BP
协议,EP
取得,BP
谅解,EP
有期徒刑,BR
九个月,ER
380,O
一,BN
死亡,EN
投案,BP
自首,EP
赔偿,BP
经济损失,EP
取得,SP
谅解,SP
有期徒刑,BR
一年,ER
缓刑,BR
二年,ER
381,O
一,BN
死亡,EN
主动,BP
投案,EP
如实,BP
供述,EP
是,BP
自首,EP
自愿认罪,SP
有期徒刑,BR
一年,ER
382,O
一,BN
重伤,EN
一人,BN
轻伤,EN
肇事,BN
逃逸,EN
如实,BP
供述,EP
为,BP
自首,EP
积极,BP
被害人,EP
取得,BP
谅解,EP
有期徒刑,BR
三年,ER
缓刑,BR
四年,ER
383,O
无,BN
驾驶,EN
一,BN
死亡,EN
自愿认罪,SP
达成,BP
协议,EP
赔偿,BP
被害人,EP
取得,BP
谅解,EP
判处拘役,BR
四个月,ER
384,O
当场,BN
死亡,EN
如实,BP
供述,EP
系自首,SP
具有,BP
情节,EP
认罪,BP
好,EP
主动,BP
被害人,EP
有期徒刑,BR
一年,ER
缓刑,BR
一年,IR
六个月,ER
385,O
一,BN
死亡,EN
现场,BP
等候,EP
如实,BP
供述,EP
构成,BP
自首,EP
有,BP
态度,EP
赔偿,BP
被害人,EP
取得,SP
谅解,SP
无,BP
影响,EP
有期徒刑,BR
一年,IR
四个月,ER
缓刑,BR
二年,ER
386,O
一人,BN
死亡,EN
有,BP
情节,EP
有期徒刑,BR
一年,ER
缓刑,BR
一年,ER
387,O
一人,BN
死亡,EN
自动,BP
投案,EP
系自首,SP
达成调解,SP
有期徒刑,BR
一年,IR
六个月,ER
缓刑,BR
二年,ER
388,O
一,BN
重伤,EN
逃避,BN
追究,EN
逃离,BN
现场,EN
肇事,BN
逃逸,EN
肇事,BN
逃逸,EN
自动,BP
投案,EP
如实,BP
供述,EP
是,BP
自首,EP
有期徒刑,BR
二年,IR
十个月,ER
389,O
吊销,BN
下,EN
一,BN
死亡,EN
未,BN
停车,EN
逃避,BN
追究,EN
弃,BN
逃逸,EN
如实,BN
供述,EN
属,BN
坦白,EN
具有,BN
前科,EN
从重,BN
处罚,EN
有期徒刑,BR
三年,IR
十个月,ER
390,O
二,BN
死亡,EN
二,BN
受伤,EN
保护,BP
现场,EP
系自首,SP
立功案,SP
积极,BP
被害人,EP
取得,SP
谅解,SP
免予,BR
刑事,IR
处罚,ER
391,O
一,BN
死亡,EN
如实,BP
供述,EP
积极,BP
赔偿,EP
得到,BP
谅解,EP
有,BP
悔罪表现,EP
有期徒刑,BR
一年,ER
缓刑,BR
一年,IR
六个月,ER
392,O
一,BN
死亡,EN
如实,BP
供述,EP
积极,BP
赔偿,EP
取得,BP
谅解,EP
有期徒刑,BR
三年,ER
缓刑,BR
五年,ER
393,O
一,BN
死亡,EN
积极,BP
被害人,EP
取得,BP
谅解,EP
有期徒刑,BR
三年,ER
缓刑,BR
四年,ER
完成,BR
公益劳动,ER
394,O
一,BN
死亡,EN
一人,BN
轻伤,EN
主动,BP
归案,EP
如实,BP
供述,EP
系自首,SP
赔偿,BP
被害人,EP
有期徒刑,BR
一年,IR
十个月,ER
395,O
无,BN
驾驶,EN
一人,BN
死亡,EN
自愿认罪,SP
有,BP
悔罪表现,EP
积极,BP
被害人,EP
取得,BP
谅解故,EP
无,BP
影响,EP
有期徒刑,BR
一年,ER
缓刑,BR
二年,ER
396,O
一,BN
死亡,EN
有,BP
情节,EP
判处,BR
有期徒刑,IR
五年,ER
397,O
无,BN
驾驶,EN
设施,BN
车辆,EN
一,BN
重伤,EN
肇事,BN
逃逸,EN
如实,BP
供述,EP
属,BP
自首,EP
127,O
80,O
95,O
15,O
200,O
50,O
有期徒刑,BR
三年,IR
六个月,ER
10,O
127,O
15,O
200,O
398,O
一,BN
死亡,EN
如实,BN
供述,EN
积极,BP
被害人,EP
取得,BP
谅解,EP
有期徒刑,BR
一年,ER
缓刑,BR
一年,ER
399,O
一,BN
死亡,EN
属,BP
初犯,EP
认罪,BP
好,EP
积极,BP
赔偿,EP
有期徒刑,BR
一年,ER
缓刑,BR
一年,ER
400,O
一,BN
死亡,EN
电话,BP
报警,EP
现场,BP
等候,EP
如实,BP
供述,EP
自,BP
论,EP
取得,BP
谅解,EP
有期徒刑,BR
一年,ER
缓刑,BR
二年,ER
401,O
一人,BN
死亡,EN
肇事,BN
逃逸,EN
自动,BP
投案,EP
如实,BP
供述,EP
达成,BP
协议,EP
取得,SP
谅解,SP
有期徒刑,BR
三年,ER
缓刑,BR
三年,ER
402,O
被害人,BN
死亡,EN
自愿认罪,SP
赔偿,BP
被害人,EP
得到,SP
谅解,SP
有期徒刑,BR
三年,ER
缓刑,BR
四年,ER
403,O
现场,BP
等候,EP
如实,BP
供述,EP
是,BP
自首,EP
达成,BP
协议,EP
免予,BR
刑事,IR
处罚,ER
404,O
一,BN
死亡,EN
逃避,BN
追究,EN
离开,BN
现场,EN
双方,BP
调解,EP
获得,SP
谅解,SP
有期徒刑,BR
三年,ER
缓刑,BR
四年,ER
405,O
酒后,BN
驾驶,EN
一,BN
重伤,EN
无牌证,BN
机动车,EN
如实,BP
供述,EP
有期徒刑,BR
一年,IR
二,IR
个,IR
月,ER
406,O
一,BN
死亡,EN
打电话,BP
报警,EP
现场,BP
等候,EP
自动,BP
投案,EP
有期徒刑,BR
七个月,ER
407,O
逃离,BN
现场,EN
如实,BP
供述,EP
是,BP
自首,EP
具有,BP
悔罪表现,EP
有期徒刑,BR
三年,ER
408,O
一,BN
死亡,EN
一人,BN
受伤,EN
事故,BN
逃逸,EN
主动,BP
投案,EP
如实,BP
供述,EP
系自首,SP
进行,BP
民事赔偿,EP
取得,BP
谅解,EP
认罪,BP
较好,EP
有,BP
悔罪表现,EP
有期徒刑,BR
三年,ER
缓刑,BR
四年,ER
409,O
一,BN
死亡,EN
未,BN
现场,EN
驾驶,BN
逃逸,EN
达成调解,BP
协议,EP
取得,BP
谅解,EP
有期徒刑,BR
三年,ER
缓刑,BR
五年,ER
410,O
有期徒刑,BR
九个月,ER
缓刑,BR
一年,IR
六个月,ER
411,O
一,BN
死亡,EN
达成,BP
协议,EP
有期徒刑,BR
三年,ER
缓刑,BR
五年,ER
412,O
蒋某某,BN
死亡,EN
如实,BP
供述,EP
系自首,SP
积极,BP
被害人,EP
取得,BP
谅解,EP
免予,BR
刑事,IR
处罚,ER
413,O
一,BN
死亡,EN
主动,BP
投案,EP
如实,BP
供述,EP
系自首,SP
1,O
3,O
进行,BP
赔偿,EP
取得,BP
谅解,EP
4,O
有,BP
悔罪表现,EP
没有,BP
影响,EP
有期徒刑,BR
一年,ER
缓刑,BR
一年,ER
414,O
无,BN
驾驶证,EN
两,BN
受损,EN
罗某,BN
受伤,EN
重伤,BN
二级,EN
如实,BP
供述,EP
属,BP
自首,EP
属,BP
初犯,EP
有期徒刑,BR
六个月,ER
415,O
一,BN
死亡,EN
现场,BP
等候,EP
构成,BP
自首,EP
真诚,BP
悔罪,EP
补偿,BP
经济损失,EP
取得,BP
谅解,EP
有期徒刑,BR
六个月,ER
416,O
一,BN
重伤,EN
16,O
100,O
2,O
16,O
3,O
367,O
有,BP
情节,EP
有期徒刑,BR
一年,ER
缓刑,BR
一年,ER
16,O
1,O
417,O
二,BN
死亡,EN
如实,BP
供述,EP
取得,BP
谅解,EP
有期徒刑,BR
三年,ER
缓刑,BR
五年,ER
418,O
无,BN
驾驶,EN
一,BN
死亡,EN
肇事,BN
逃逸,EN
自动,BP
投案,EP
如实,BP
供述,EP
是,BP
自首,EP
认罪,BP
好,EP
积极,BP
被害人,EP
达成,BP
协议,EP
有期徒刑,BR
一年,ER
419,O
一,BN
死亡,EN
如实,BP
供述,EP
自愿认罪,SP
达成,BP
协议,EP
有期徒刑,BR
一年,IR
二,IR
个,IR
月,ER
缓刑,BR
一年,IR
六个月,ER
4,O
20,O
一,BN
死亡,EN
一人,BN
重伤,EN
主动,BP
报警,EP
现场,BP
等候,EP
如实,BP
供述,EP
系自首,SP
积极,BP
被害人,EP
得到,SP
谅解,SP
系,BP
初犯,EP
具有,BP
情节,EP
赔偿,BP
被害人,EP
有期,BR
徒,IR
一年,ER
缓刑,BR
一年,ER
4,O
21,O
一,BN
死亡,EN
二,BN
轻伤,EN
如实,BP
供述,EP
积极,BP
被害人,EP
赔偿,BP
被害人,EP
取得,BP
谅解,EP
有期徒刑,BR
一年,IR
一个,IR
月,ER
缓刑,BR
二年,ER
4,O
22,O
一人,BN
死亡,EN
如实,BP
供述,EP
系自首,SP
自愿认罪,SP
履行,BP
协议,EP
取得,BP
谅解,EP
有期徒刑,BR
一年,ER
缓刑,BR
一年,IR
六个月,ER
4,O
23,O
一,BN
重伤,EN
赔偿,BP
被害人,EP
取得,BP
谅解,EP
到案,BN
潜逃,EN
不,BN
条件,EN
有期徒刑,BR
一年,ER
缓刑,BR
一年,ER
4,O
24,O
一,BN
死亡,EN
主动,BP
现场,EP
积极,BP
电话,EP
如实,BP
供述,EP
为,BP
自首,EP
积极,BP
被害人,EP
取得,BP
谅解,EP
有期徒刑,BR
六个月,ER
缓刑,BR
一年,ER
4,O
25,O
未,BN
驾驶证,EN
不,BN
机动车,EN
一人,BN
死亡,EN
自动,BP
投案,EP
如实,BP
供述,EP
是,BP
自首,EP
有期徒刑,BR
一年,IR
六个月,ER
426,O
一,BN
死亡,EN
主动,BP
报警,EP
现场,BP
等候,EP
为,BP
自首,EP
达成,BP
协议,EP
赔偿,BP
被害人,EP
取得,BP
谅解,EP
犯罪情节,BP
较轻,EP
有,BP
情节,EP
积极,BP
被害人,EP
有,BP
悔罪表现,EP
没有,BP
影响,EP
有期徒刑,BR
一年,IR
六个月,ER
缓刑,BR
二年,ER
4,O
27,O
一,BN
死亡,EN
肇事,BN
逃逸,EN
具有,BP
情节,EP
达成,BP
协议,EP
取得,BP
谅解,EP
有期徒刑,BR
三年,ER
缓刑,BR
四年,ER
428,O
一人,BN
死亡,EN
全部,BN
责任,EN
如实,BP
供述,EP
是,BP
自首,EP
有期徒刑,BR
十,IR
一个,IR
月,ER
缓刑,BR
一年,IR
六个月,ER
4,O
29,O
一,BN
死亡,EN
积极,BP
被害人,EP
取得,BP
谅解,EP
认罪,BP
较好,EP
有,BP
悔罪表现,EP
有期徒刑,BR
一年,ER
缓刑,BR
二年,ER
430,O
逃避,BN
追究,EN
弃,BN
逃逸,EN
肇事,BN
逃逸,EN
如实,BP
供述,EP
达成,BP
谅解,EP
有,BP
悔罪表现,EP
有期徒刑,BR
三年,ER
缓刑,BR
五年,ER
431,O
一,BN
死亡,EN
自动,BP
投案,EP
如实,BP
供述,EP
是,BP
自首,EP
达成,BP
协议,EP
积极,BP
被害人,EP
取得,SP
谅解,SP
具有,BP
情节,EP
积极,BP
被害人,EP
损失,BP
谅解,EP
认罪,BP
较好,EP
有期徒刑,BR
一年,ER
缓刑,BR
一年,IR
六个月,ER
432,O
一,BN
死亡,EN
有,BP
情节,EP
积极,BP
赔偿,EP
取得,SP
谅解,SP
有期徒刑,BR
一年,ER
缓刑,BR
二年,ER
433,O
一,BN
死亡,EN
主动,BP
投案,EP
如实,BP
供述,EP
是,BP
自首,EP
赔偿,BP
被害方,EP
取得,BP
谅解,EP
有期徒刑,BR
十,IR
一个,IR
月,ER
缓刑,BR
一年,ER
434,O
一,BN
死亡,EN
系自首,SP
赔偿,BP
被害方,EP
取得,BP
谅解,EP
有期徒刑,BR
七个月,ER
缓刑,BR
一年,ER
完成,BR
公益劳动,ER
435,O
一,BN
死亡,EN
自动,BP
投案,EP
如实,BP
供述,EP
系自首,SP
赔偿,BP
被害人,EP
取得,BP
谅解,EP
没有,BP
影响,EP
有期徒刑,BR
十个月,ER
缓刑,BR
一年,ER
436,O
一,BN
死亡,EN
主动,BP
报警,EP
现场,BP
等候,EP
如实,BP
供述,EP
系自首,SP
有期徒刑,BR
一年,ER
缓刑,BR
一年,ER
437,O
无,BN
资格证,EN
一,BN
死亡,EN
二,BN
轻伤,EN
肇事,BN
逃逸,EN
主动,BP
投案,EP
如实,BP
供述,EP
是,BP
自首,EP
有期徒刑,BR
四年,ER
438,O
一,BN
死亡,EN
现场,BP
等候,EP
如实,BP
供述,EP
是,BP
自首,EP
有,BP
悔罪表现,EP
取得,BP
谅解,EP
有期徒刑,BR
一年,IR
六个月,ER
缓刑,BR
二年,ER
439,O
一,BN
死亡,EN
现场,BP
等待,EP
如实,BP
供述,EP
系自首,SP
有期徒刑,BR
一年,IR
六个月,ER
缓刑,BR
二年,ER
440,O
一,BN
死亡,EN
主动,BP
报警,EP
如实,BP
交代,EP
系自首,SP
73,O
5,O
26,O
400,O
1,O
200,O
200,O
111,O
200,O
73,O
32,O
286,O
有期徒刑,BR
一年,IR
二,IR
个,IR
月,ER
111,O
200,O
441,O
一,BN
死亡,EN
自动,BP
投案,EP
如实,BP
供述,EP
系自首,SP
当庭,BP
自愿认罪,EP
赔偿,BP
被害人,EP
得到,BP
谅解,EP
有期徒刑,BR
一年,ER
缓刑,BR
一年,ER
442,O
一,BN
重伤,EN
自动,BP
投案,EP
如实,BP
供述,EP
系自首,SP
有,BP
情节,EP
积极,BP
被害人,EP
取得,BP
谅解,EP
有期徒刑,BR
一年,ER
缓刑,BR
二年,ER
443,O
许某某,BN
死亡,EN
如实,BP
供述,EP
有期徒刑,BR
三年,ER
444,O
一,BN
死亡,EN
认罪,BP
好,EP
进行,BP
赔偿,EP
取得,SP
谅解,SP
有期徒刑,BR
一年,ER
缓刑,BR
一年,ER
445,O
一,BN
重伤,EN
有,BP
情节,EP
赔偿,BP
被害人,EP
有期徒刑,BR
一年,ER
446,O
一,BN
死亡,EN
及时,BP
报警,EP
如实,BP
供述,EP
赔偿,BP
被害人,EP
取得,BP
谅解,EP
有期徒刑,BR
一年,ER
缓刑,BR
二年,ER
447,O
一,BN
死亡,EN
现场,BP
等候,EP
如实,BP
供述,EP
赔偿,BP
被害人,EP
有,BP
悔罪表现,EP
无,BP
影响,EP
有期徒刑,BR
一年,ER
缓刑,BR
一年,IR
六个月,ER
448,O
一人,BN
死亡,EN
积极,BP
被害人,EP
取得,BP
谅解,EP
自愿认罪,SP
认罪,BP
较好,EP
有,BP
悔罪表现,EP
没有,BP
影响,EP
有期徒刑,BR
一年,ER
449,O
一人,BN
死亡,EN
具有,BP
情节,EP
取得,BP
谅解,EP
有期徒刑,BR
九个月,ER
缓刑,BR
一年,IR
六个月,ER
450,O
一,BN
死亡,EN
电话,BP
报警,EP
如实,BP
供述,EP
是,BP
自首,EP
自愿认罪,SP
有,BP
悔罪表现,EP
没有,BP
影响,EP
有期徒刑,BR
一年,IR
六个月,ER
缓刑,BR
二年,ER
451,O
一,BN
死亡,EN
肇事,BN
逃逸,EN
如实,BP
供述,EP
系自首,SP
自愿认罪,SP
积极,BP
被害人,EP
取得,BP
谅解,EP
有,BP
悔罪表现,EP
有期徒刑,BR
三年,ER
缓刑,BR
四年,ER
452,O
一,BN
死亡,EN
系自首,SP
积极,BP
被害人,EP
取得,BP
谅解,EP
系自首,SP
积极,BP
被害人,EP
取得,BP
谅解,EP
有期徒刑,BR
九个月,ER
缓刑,BR
一年,ER
453,O
一,BN
死亡,EN
主动,BP
报案,EP
如实,BP
供述,EP
属,BP
自首,EP
赔偿,BP
被害人,EP
取得,BP
谅解,EP
自愿认罪,SP
有期徒刑,BR
一年,IR
六个月,ER
缓刑,BR
二年,ER
完成,BR
公益劳动,ER
454,
一,BN
死亡,EN
自动,BP
投案,EP
如实,BP
供述,EP
系自首,SP
具有,BP
悔罪表现,EP
赔偿,BP
被害人,EP
有期徒刑,BR
八个月,ER
缓刑,BR
一年,ER
455,O
一,BN
死亡,EN
现场,BP
等待,EP
系自首,SP
赔偿,BP
被害人,EP
取得,BP
谅解,EP
有期徒刑,BR
六个月,ER
缓刑,BR
一年,ER
456,O
一,BN
死亡,EN
肇事,BN
逃逸,EN
积极,BP
被害人,EP
取得,BP
谅解,EP
具有,BP
情节,EP
有期徒刑,BR
二年,ER
缓刑,BR
三年,ER
457,O
一,BN
死亡,EN
肇事,BN
逃逸,EN
自愿认罪,SP
如实,BP
供述,EP
赔偿,BP
被害人,EP
有期徒刑,BR
四年,ER
458,O
一人,BN
死亡,EN
积极,BP
被害人,EP
得到,SP
谅解,SP
没有,BP
影响,EP
有期徒刑,BR
十个月,ER
缓刑,BR
一年,ER
459,O
一,BN
重伤,EN
有,BP
情节,EP
有期徒刑,BR
九个月,ER
460,O
当场,BN
死亡,EN
主动,BP
投案,EP
如实,BP
供述,EP
属于,BP
自首,EP
家属,BP
谅解,EP
有,BP
悔罪表现,EP
没有,BP
影响,EP
有期徒刑,BR
九个月,ER
缓刑,BR
一年,ER
461,O
一,BN
死亡,EN
一人,BN
受伤,EN
如实,BP
供述,EP
构成,BP
自首,EP
取得,BP
谅解,EP
认罪,BP
好,EP
136,O
500,O
36,O
462,O
三,BN
死亡,EN
有,BP
情节,EP
有期徒刑,BR
四年,ER
463,O
465,O
一,BN
死亡,EN
主动,BP
投案,EP
如实,BP
供述,EP
系自首,SP
系,BP
初犯,EP
认罪,BP
好,EP
积极,BP
被害人,EP
取得,BP
谅解故,EP
有期徒刑,BR
一年,ER
缓刑,BR
二年,ER
466,O
一,BN
死亡,EN
有期徒刑,BR
一年,ER
缓刑,BR
二年,ER
467,O
一,BN
死亡,EN
主动,BP
投案,EP
如实,BP
供述,EP
系自首,SP
赔偿,BP
被害人,EP
取得,BP
谅解,EP
有,BP
悔罪表现,EP
犯罪情节,BP
较轻,EP
没有,BP
不良,EP
有期徒刑,BR
十个月,ER
缓刑,BR
一年,ER
468,O
一,BN
死亡,EN
二,BN
受伤,EN
现场,BP
等待,EP
如实,BP
供述,EP
属,BP
自首,EP
120,O
赔偿,BP
被害人,EP
具有,BP
悔罪表现,EP
有期徒刑,BR
一年,IR
二,IR
个,IR
月,ER
缓刑,BR
一年,IR
六个月,ER
469,O
二,BN
死亡,EN
如实,BP
供述,EP
为,BP
自首,EP
32,O
有期徒刑,BR
二年,IR
三个月,ER
470,O
无,BN
驾驶,EN
无牌照,BN
摩托车,EN
一,BN
死亡,EN
肇事,BN
逃逸,EN
如实,BP
供述,EP
系自首,SP
达成,BP
协议,EP
取得,BP
谅解,EP
有期徒刑,BR
三年,ER
缓刑,BR
三年,ER
471,O
一,BN
重伤,EN
车辆,BN
受损,EN
自动,BP
投案,EP
如实,BP
供述,EP
系自首,SP
自愿认罪,SP
积极,BP
赔偿,EP
472,O
1,BN
死亡,EN
具有,BP
情节,EP
得到,BP
谅解,EP
有期徒刑,BR
一年,ER
缓刑,BR
一年,IR
六个月,ER
473,O
无,BN
摩托车,EN
一,BN
重伤,EN
肇事,BN
逃逸,EN
当庭,BP
认罪,EP
赔偿,BP
被害人,EP
取得,BP
谅解,EP
有期徒刑,BR
三年,ER
缓刑,BR
四年,ER
474,O
无,BN
驾驶,EN
一,BN
死亡,EN
无,BN
机动车,EN
自愿认罪,SP
1,O
200,O
3,O
有期徒刑,BR
一年,IR
八个月,ER
10,O
475,O
一人,BN
死亡,EN
取得,BP
谅解,EP
有期徒刑,BR
二年,ER
缓刑,BR
二年,IR
六个月,ER
476,O
一人,BN
死亡,EN
一,BN
死亡,EN
主动,BP
报警,EP
如实,BP
供述,EP
自动,BP
投案,EP
如实,BP
交代,EP
认罪,BP
好,EP
积极,BP
被害人,EP
取得,BP
谅解,EP
有,BP
悔罪表现,EP
有期徒刑,BR
八个月,ER
缓刑,BR
一年,ER
477,O
一人,BN
重伤,EN
两,BN
损坏,EN
有期徒刑,BR
八个月,ER
478,O
一,BN
死亡,EN
肇事,BN
逃逸,EN
自愿认罪,SP
积极,BP
被害人,EP
取得,BP
谅解,EP
有期徒刑,BR
三年,ER
缓刑,BR
四年,ER
479,O
一,BN
死亡,EN
主动,BN
报案,EN
自愿认罪,SP
有,BP
悔罪表现,EP
达成,BP
协议,EP
得到,BP
谅解,EP
有期徒刑,BR
二年,ER
缓刑,BR
三年,ER
480,O
超速,BN
驾驶,EN
一,BN
死亡,EN
主动,BP
投案,EP
如实,BP
供述,EP
系自首,SP
有期徒刑,BR
十个月,ER
481,O
一,BN
死亡,EN
及时,BP
报警,EP
现场,BP
等候,EP
如实,BP
供述,EP
系自首,SP
达成,BP
和解,EP
取得,SP
谅解,SP
有期徒刑,BR
一年,ER
缓刑,BR
一年,ER
482,O
一,BN
死亡,EN
自愿认罪,SP
如实,BP
供述,EP
积极,BP
赔偿,EP
得到,BP
谅解,EP
有期徒刑,BR
一年,IR
二,IR
个,IR
月,ER
缓刑,BR
二年,ER
483,O
超速,BN
行驶,EN
一,BN
死亡,EN
人,BN
死亡,EN
有期徒刑,BR
六个月,ER
缓刑,BR
一年,ER
484,O
一,BN
死亡,EN
积极,BP
赔偿,EP
取得,BP
谅解,EP
自愿认罪,SP
有期徒刑,BR
二年,ER
缓刑,BR
二年,ER
485,O
一,BN
死亡,EN
自动,BP
投案,EP
如实,BP
供述,EP
是,BP
自首,EP
有期徒刑,BR
一年,ER
缓刑,BR
一年,ER
486,O
一人,BN
死亡,EN
二,BN
受伤,EN
主动,BP
报警,EP
如实,BP
供述,EP
是,BP
自首,EP
有期徒刑,BR
二年,ER
487,O
一,BN
死亡,EN
有,BN
前科,EN
120,O
110,O
现场,BP
等候,EP
如实,BP
供述,EP
自愿认罪,SP
系自首,SP
积极,BP
被害人,EP
取得,BP
谅解,EP
有期徒刑,BR
一年,ER
缓刑,BR
二年,ER
488,O
一人,BN
死亡,EN
主动,BP
报警,EP
如实,BP
供述,EP
是,BP
自首,EP
达成,BP
协议,EP
履行,BP
义务,EP
取得,BP
谅解,EP
有期徒刑,BR
一年,ER
缓刑,BR
一年,IR
三个月,ER
489,O
一,BN
死亡,EN
案,BN
逃逸,EN
自动,BP
投案,EP
如实,BP
供述,EP
是,BP
自首,EP
积极,BP
被害人,EP
得到,BP
谅解,EP
有期徒刑,BR
二年,ER
缓刑,BR
三年,ER
490,O
一人,BN
死亡,EN
有,BN
情节,EN
有期徒刑,BR
一年,IR
十个月,ER
491,O
一,BN
死亡,EN
自动,BP
投案,EP
如实,BP
供述,EP
系自首,SP
赔偿,BP
被害人,EP
有期徒刑,BR
十个月,ER
492,O
一,BN
死亡,EN
自动,BP
到案,EP
如实,BP
供述,EP
是,BP
自首,EP
取得,SP
谅解,SP
有期徒刑,BR
八个月,ER
493,O
一人,BN
死亡,EN
一人,BN
轻伤,EN
如实,BP
供述,EP
赔偿,BP
被害人,EP
取得,SP
谅解,SP
有期徒刑,BR
九个月,ER
缓刑,BR
一年,ER
494,O
一,BN
死亡,EN
主动,BP
报警,EP
如实,BP
供述,EP
是,BP
自首,EP
积极,BP
赔偿,EP
取得,SP
谅解,SP
有期徒刑,BR
一年,ER
缓刑,BR
二年,ER
495,O
一,BN
死亡,EN
现场,BP
等候,EP
自动,BP
投案,EP
系自首,SP
达成,BP
协议,EP
得到,BP
谅解,EP
有期徒刑,BR
一年,ER
缓刑,BR
一年,IR
六个月,ER
496,O
一,BN
死亡,EN
主动,BN
报案,EN
现场,BP
等候,EP
如实,BP
供述,EP
系自首,SP
1,O
3,O
取得,BP
谅解,EP
4,O
积极,BP
被害人,EP
取得,BP
谅解,EP
没有,BP
影响,EP
有期徒刑,BR
一年,ER
缓刑,BR
二年,ER
497,O
一人,BN
死亡,EN
自动,BP
投案,EP
如实,BP
供述,EP
是,BP
自首,EP
是,BP
犯罪,EP
有,BP
情,EP
真诚,BP
悔罪,EP
积极,BP
被害人,EP
取得,BP
谅解,EP
有期徒刑,BR
一年,IR
四个月,ER
缓刑,BR
二年,ER
498,O
一,BN
死亡,EN
有期徒刑,BR
二年,ER
缓刑,BR
二年,ER
499,O
无,BN
驾驶,EN
无,BN
车辆,EN
一,BN
死亡,EN
积极,BP
被害人,EP
取得,BP
谅解,EP
有期徒刑,BR
一,IR
年,IR
零,IR
二,IR
个,IR
月,ER
缓刑,BR
一,IR
年,IR
零,IR
六个月,ER
500,O
一人,BN
死亡,EN
进行,BP
赔偿,EP
认罪,BP
好,EP
积极,BP
被害人,EP
有期徒刑,BR
一年,ER
缓刑,BR
一年,ER
